timestamp,latitude,longitude,speed_kph,heading,road_type_label,trajectory_id
2025-07-19 13:24:21.990424,26.29924113518178,83.96749978579304,70.59844029575606,55.09176166813961,highway,highway_traj_1
2025-07-19 13:24:24.133450,26.299454730165063,83.96782226692577,90.34410979628223,55.09170533122398,highway,highway_traj_1
2025-07-19 13:24:27.041625,26.29972172717494,83.96824161329236,73.1410106486808,55.091648992258,highway,highway_traj_1
2025-07-19 13:24:33.384775,26.300071149993876,83.96856974678134,79.72328809886716,60.24730651801656,highway,highway_traj_1
2025-07-19 13:24:39.834656,26.300219832403474,83.96897796297331,64.95109648282762,61.2542846280445,highway,highway_traj_1
2025-07-19 13:24:35.619741,26.30046258044494,83.96934979809171,67.02348779894659,61.254242508340724,highway,highway_traj_1
2025-07-19 13:24:40.905093,26.300618649803095,83.96983785287195,94.40575917443283,61.254200392555674,highway,highway_traj_1
2025-07-19 13:24:43.326033,26.30087303178801,83.97020257576033,78.22394784934495,63.36196640425783,highway,highway_traj_1
2025-07-19 13:24:40.248332,26.301030490610053,83.97073906480142,74.31819257661105,63.508359985350864,highway,highway_traj_1
2025-07-19 13:24:56.577527,26.301251338160547,83.97108506938861,66.95099342868319,63.50832311828378,highway,highway_traj_1
2025-07-19 13:25:06.389505,26.301367675614376,83.97142331648203,60.42209930375452,63.50828625165576,highway,highway_traj_1
2025-07-19 13:25:13.317344,26.30153177780776,83.97198288556653,93.73323206802779,64.5679942553117,highway,highway_traj_1
2025-07-19 13:25:14.607636,26.301798776675522,83.97232687452843,86.2608133705298,64.74712867555706,highway,highway_traj_1
2025-07-19 13:25:25.177761,26.30188975869742,83.9728106253457,67.17886791479165,64.74709465756337,highway,highway_traj_1
2025-07-19 13:25:18.591323,26.302060100920325,83.97315577882213,64.63908416310998,64.74706063931342,highway,highway_traj_1
2025-07-19 13:25:36.011849,26.302279208969956,83.97358949588374,95.52268522866669,64.74702661883617,highway,highway_traj_1
2025-07-19 13:24:55.933047,26.30246011308552,83.97398350251193,69.87443637870268,64.48855772311083,highway,highway_traj_1
2025-07-19 13:25:09.847786,26.30261656379393,83.97444748044127,82.1152441054182,64.42411910193687,highway,highway_traj_1
2025-07-19 13:25:06.087603,26.302857581099065,83.9748259760325,85.97711113722926,64.42408434210529,highway,highway_traj_1
2025-07-19 13:25:39.406413,26.303049638094226,83.97532883597648,87.77264701929042,64.42404958386356,highway,highway_traj_1
2025-07-19 13:25:15.504376,26.30322122701536,83.97565955048178,98.06121876576339,64.44288016665104,highway,highway_traj_1
2025-07-19 13:25:13.707221,26.303383232591017,83.97605426825837,77.48678867405701,64.98603211133349,highway,highway_traj_1
2025-07-19 13:25:10.503635,26.303526793551875,83.97658457241211,69.50748741566646,64.98599863698473,highway,highway_traj_1
2025-07-19 13:26:10.519735,26.303684986052563,83.9769434866416,82.93260943811583,64.98596516160478,highway,highway_traj_1
2025-07-19 13:25:33.483782,26.303902679058297,83.97745791964482,97.22875149986484,64.98593168553703,highway,highway_traj_1
2025-07-19 13:25:23.637021,26.304070658082924,83.97775553339304,87.3284990663994,64.98589820878146,highway,highway_traj_1
2025-07-19 13:26:11.960252,26.304255891410488,83.97831333693294,97.22470936945314,65.08355338440231,highway,highway_traj_1
2025-07-19 13:26:27.428463,26.30439590174772,83.9787087581536,73.95637394827592,65.18839951767097,highway,highway_traj_1
2025-07-19 13:25:59.300283,26.304611928359538,83.97914447372574,91.20632061377455,65.18836650225307,highway,highway_traj_1
2025-07-19 13:25:58.075338,26.30474368766655,83.97949599837102,80.72037697863911,65.18833348468655,highway,highway_traj_1
2025-07-19 13:25:59.554262,26.304935914664007,83.97998745179775,99.854859000126,65.18830046869522,highway,highway_traj_1
2025-07-19 13:25:52.955491,26.305100312089294,83.98039352298582,78.26949292683999,65.18826745055532,highway,highway_traj_1
2025-07-19 13:26:53.659225,26.305277448706263,83.98070969364201,81.85526776001556,64.00839538517096,highway,highway_traj_1
2025-07-19 13:25:59.043017,26.305433030172253,83.98118136598728,90.05202112556059,62.39682794267185,highway,highway_traj_1
2025-07-19 13:27:05.339488,26.305677938455908,83.98162002010955,66.81601948377974,62.39678848770757,highway,highway_traj_1
2025-07-19 13:25:57.661198,26.30589349920432,83.98195803267262,69.38768673549004,62.39674903198363,highway,highway_traj_1
2025-07-19 13:26:28.161468,26.30611468959525,83.98250544884307,99.33390237375505,61.67489170320118,highway,highway_traj_1
2025-07-19 13:25:39.358822,26.306266112295337,83.98292151181617,84.66772587541696,61.1928660149548,highway,highway_traj_1
2025-07-19 13:27:15.083802,26.306442151029966,83.98332471555766,83.25622546403672,61.19282374436756,highway,highway_traj_1
2025-07-19 13:27:06.036068,26.30673970212955,83.98365003477498,77.63382779206762,61.192781472984734,highway,highway_traj_1
2025-07-19 13:26:41.290888,26.30690924921212,83.98416022578667,60.894184538098074,61.19273920042633,highway,highway_traj_1
2025-07-19 13:26:01.063949,26.307143716175787,83.98451069501719,96.75175434197351,61.19269692859223,highway,highway_traj_1
2025-07-19 13:26:48.546037,26.307304219108,83.9849786894074,90.33995818929799,61.32716782529542,highway,highway_traj_1
2025-07-19 13:27:23.947206,26.30747488139855,83.98538147295987,71.98698585282386,61.424948767038416,highway,highway_traj_1
2025-07-19 13:27:41.159036,26.30766833042261,83.98573223537133,67.63743573806796,61.424907038289575,highway,highway_traj_1
2025-07-19 13:26:51.216809,26.307879214152926,83.98611158365576,96.26466092108956,61.42486530799033,highway,highway_traj_1
2025-07-19 13:27:23.623871,26.30810355473446,83.98658087640568,79.68197198840234,61.42482357766437,highway,highway_traj_1
2025-07-19 13:26:30.563858,26.308357383856737,83.98692750577602,64.07855109337218,61.42478184654988,highway,highway_traj_1
2025-07-19 13:28:09.392215,26.308441922520924,83.98742889501636,87.05153607485258,61.760551885462974,highway,highway_traj_1
2025-07-19 13:28:10.412318,26.308710672413202,83.98784117088644,93.12793994729816,62.166807935177985,highway,highway_traj_1
2025-07-19 13:26:36.344732,26.308853868920657,83.98814843350429,93.9150759900254,62.16676793604688,highway,highway_traj_1
2025-07-19 13:27:44.933478,26.309067654769095,83.98858062725951,78.86431837687405,62.16672794003364,highway,highway_traj_1
2025-07-19 13:27:42.098032,26.309257559467778,83.98897838990239,78.94551831737331,62.16668794210193,highway,highway_traj_1
2025-07-19 13:26:58.002852,26.309473546744027,83.98938282996782,93.0057353628504,62.17055582100926,highway,highway_traj_1
2025-07-19 13:26:17.907640,26.309713401658183,83.98987539880645,82.56995091611971,63.200505192930336,highway,highway_traj_1
2025-07-19 13:28:50.753760,26.30991316588071,83.99020805308966,98.72630486008387,63.20046760262858,highway,highway_traj_1
2025-07-19 13:27:52.591283,26.309998277463936,83.99074499181111,76.58579457086881,63.20043000963125,highway,highway_traj_1
2025-07-19 13:26:47.405256,26.31027391289178,83.99105287513011,84.60196670780228,67.41984995005299,highway,highway_traj_1
2025-07-19 13:28:59.262442,26.310389907602097,83.9916150860595,94.9724568980586,67.83239806399064,highway,highway_traj_1
2025-07-19 13:26:51.652484,26.3106097471582,83.9919302906365,92.20814140724937,69.13226596933282,highway,highway_traj_1
2025-07-19 13:28:11.763864,26.310683728753634,83.99237524760599,93.37751585287559,70.17935460958142,highway,highway_traj_1
2025-07-19 13:26:43.386035,26.31079816792113,83.992863308276,99.74702644457452,70.17933240006334,highway,highway_traj_1
2025-07-19 13:28:02.204930,26.311025592390045,83.99333499063961,65.72415324751773,70.17931019139598,highway,highway_traj_1
2025-07-19 13:27:34.123727,26.311088731346153,83.99373964067085,98.25183938885733,70.17928798096568,highway,highway_traj_1
2025-07-19 13:28:38.184655,26.31129136881127,83.99417778995624,71.10268269454552,69.43517559350437,highway,highway_traj_1
2025-07-19 13:26:50.385171,26.311424102171916,83.99450638271405,76.9300167099889,69.31278843840659,highway,highway_traj_1
2025-07-19 13:26:40.309190,26.311611347739102,83.99501069193349,90.45245384310105,69.31276444191406,highway,highway_traj_1
2025-07-19 13:27:53.620974,26.311645677131576,83.99541765459861,61.40720426953931,69.31274044401351,highway,highway_traj_1
2025-07-19 13:27:16.653995,26.311837325133162,83.99588990024378,83.95925218818492,68.95002664966182,highway,highway_traj_1
2025-07-19 13:27:03.563920,26.312041413321246,83.99631375786483,75.49316333508986,68.37977421195939,highway,highway_traj_1
2025-07-19 13:27:54.615925,26.31210337414506,83.9967304893576,80.76333298604439,68.37974824155748,highway,highway_traj_1
2025-07-19 13:27:13.086369,26.312231573792083,83.99720777912266,71.5921249733715,68.37972227078762,highway,highway_traj_1
2025-07-19 13:28:07.953288,26.31249346507915,83.99755799617512,64.78043528227522,68.37969630087127,highway,highway_traj_1
2025-07-19 13:29:48.037830,26.31265900090843,83.99799564221495,81.96671103890328,67.89336369096418,highway,highway_traj_1
2025-07-19 13:28:38.475468,26.31277577177563,83.99840878811524,70.60453056805355,67.5973601790339,highway,highway_traj_1
2025-07-19 13:30:20.143637,26.312937702476905,83.99883906413307,69.80797289311343,67.59733251774082,highway,highway_traj_1
2025-07-19 13:30:02.965311,26.313013197181373,83.99927648765092,90.03275122568957,67.59730485932278,highway,highway_traj_1
2025-07-19 13:27:53.543340,26.313183347726692,83.99972584891312,79.89619592126125,67.59727719704455,highway,highway_traj_1
2025-07-19 13:27:38.127124,26.313412191997596,84.00023667136058,88.67326630798178,66.92709091605411,highway,highway_traj_1
2025-07-19 13:29:11.961254,26.313568758073785,84.00069681556691,73.28539196906162,66.02888220751623,highway,highway_traj_1
2025-07-19 13:30:57.293866,26.313756948255893,84.00097583371901,83.32506175304466,66.02885107925778,highway,highway_traj_1
2025-07-19 13:27:35.005896,26.31388385338032,84.0013918367197,72.03166093418284,66.02881994851805,highway,highway_traj_1
2025-07-19 13:31:06.386601,26.314076611954015,84.00195538231807,90.41619396443885,66.02878881813893,highway,highway_traj_1
2025-07-19 13:27:30.873069,26.31425593231011,84.00236907575204,90.83771215733762,65.67302082418968,highway,highway_traj_1
2025-07-19 13:27:12.354610,26.31444578406882,84.0026942245569,83.11288562344876,65.05317972057082,highway,highway_traj_1
2025-07-19 13:30:07.471913,26.314528485057906,84.003202658882,74.4754978149767,65.0531463852522,highway,highway_traj_1
2025-07-19 13:28:57.957716,26.3147182972715,84.00354491756,70.9750970638064,65.05311304806128,highway,highway_traj_1
2025-07-19 13:27:44.899849,26.31498478235326,84.00394686233003,69.8001071020636,65.05307971176575,highway,highway_traj_1
2025-07-19 13:28:34.247748,26.31508604757968,84.00446743487245,93.78253534825323,65.05445985941822,highway,highway_traj_1
2025-07-19 13:27:23.282366,26.31533454951588,84.00490413584438,93.25435738653356,65.05839169163613,highway,highway_traj_1
2025-07-19 13:29:30.182079,26.315521096500746,84.00530468811591,77.00706179676061,65.05835836552484,highway,highway_traj_1
2025-07-19 13:31:34.785905,26.315586926066697,84.00562494008054,90.90677303944702,65.0583250391229,highway,highway_traj_1
2025-07-19 13:28:48.278883,26.31583953700831,84.00612688878256,78.54623343283879,65.0582917144074,highway,highway_traj_1
2025-07-19 13:31:05.220326,26.315967622881907,84.00658729897557,84.30796822692643,65.0582583878197,highway,highway_traj_1
2025-07-19 13:28:36.243749,26.316184735880654,84.00701444897757,99.4675630244239,65.87647582283398,highway,highway_traj_1
2025-07-19 13:28:12.039052,26.31641076419201,84.00739866445544,97.14083443866117,66.36101673218639,highway,highway_traj_1
2025-07-19 13:30:00.673091,26.316567882427083,84.00790138997777,91.19626685325377,66.3609863412471,highway,highway_traj_1
2025-07-19 13:30:15.445034,26.316661237204812,84.00820012689795,92.925439009799,66.3609559515566,highway,highway_traj_1
2025-07-19 13:28:56.868471,26.31691983186352,84.00870989639466,67.62977719516988,66.12477016452038,highway,highway_traj_1
2025-07-19 13:28:29.511832,26.31705435176355,84.0091728620428,63.722986026439955,65.96039795670424,highway,highway_traj_1
2025-07-19 13:29:40.465939,26.31717312480424,84.00958372957487,88.18052004909569,65.96036666848045,highway,highway_traj_1
2025-07-19 13:29:06.881158,26.317401829610322,84.0098926163499,65.27546983169191,65.9603353811886,highway,highway_traj_1
2025-07-19 13:31:04.405343,26.317537810488943,84.01042991377098,66.74928882002095,65.96030409283497,highway,highway_traj_1
2025-07-19 13:29:18.078963,26.317702628727428,84.01083547557619,91.37033996023916,67.20476472076592,highway,highway_traj_1
2025-07-19 13:29:17.230451,26.317856959659252,84.01117005382508,64.51634596812873,67.52387611875952,highway,highway_traj_1
2025-07-19 13:29:31.176815,26.31808084805563,84.01158980991492,65.69783323340428,67.52384829257642,highway,highway_traj_1
2025-07-19 13:28:39.936911,26.318147581421506,84.01209195288202,89.68206530772021,67.52382046912828,highway,highway_traj_1
2025-07-19 13:33:05.863498,26.318332541393602,84.01244955781956,79.74954174510799,67.52379264276738,highway,highway_traj_1
2025-07-19 13:29:40.938991,26.31848929652052,84.0129112308494,91.73420446544579,67.38406179975686,highway,highway_traj_1
2025-07-19 13:32:23.085546,26.31860276470725,84.01337382197842,88.94387215818548,67.2977003182894,highway,highway_traj_1
2025-07-19 13:31:15.865218,26.318870672745838,84.01374557527946,60.138327465336,67.29767199739632,highway,highway_traj_1
2025-07-19 13:31:44.278400,26.31904810980656,84.01427053218399,76.85478814974698,67.29764367708259,highway,highway_traj_1
2025-07-19 13:28:19.705570,26.319143896681698,84.0146903287746,81.05562331139484,67.29761535573431,highway,highway_traj_1
2025-07-19 13:32:24.805054,26.31933292519241,84.01501298422372,96.03123013060754,66.75741185252696,highway,highway_traj_1
2025-07-19 13:33:47.604740,26.319430410778235,84.01553711295331,96.15372179640121,66.45298885266908,highway,highway_traj_1
2025-07-19 13:30:17.927828,26.319648734162104,84.01596397221442,98.35127655050144,66.45295866562583,highway,highway_traj_1
2025-07-19 13:31:47.238104,26.31976015588147,84.01639556387991,70.4897832766517,66.45292847592901,highway,highway_traj_1
2025-07-19 13:33:48.507102,26.31998960778365,84.01677486335711,94.53272702899636,66.45289828758382,highway,highway_traj_1
2025-07-19 13:31:11.190002,26.320190427527216,84.01730422777786,74.61964131099782,66.46975893112409,highway,highway_traj_1
2025-07-19 13:33:39.427864,26.320290328667436,84.01771010809153,85.25882721085944,67.8570074993338,highway,highway_traj_1
2025-07-19 13:30:07.143192,26.320402989799117,84.01813960515288,91.27267012970583,77.75130399059799,highway,highway_traj_1
2025-07-19 13:28:50.382503,26.320561981794985,84.01858206833394,63.42089901038423,102.68372676104275,highway,highway_traj_1
2025-07-19 13:33:18.981762,26.320449448317497,84.01895133210905,78.82451966420712,112.65832309596095,highway,highway_traj_1
2025-07-19 13:29:27.648780,26.320349659598612,84.01936280854896,80.9141742437464,114.65177718655332,highway,highway_traj_1
2025-07-19 13:30:25.859732,26.32015500979087,84.0198612579624,61.52712420616277,118.75936788242893,highway,highway_traj_1
2025-07-19 13:33:43.752931,26.319930073558346,84.02031159602359,61.940154652982244,118.75932570294037,highway,highway_traj_1
2025-07-19 13:34:14.756472,26.31966696797836,84.02067152989835,94.00491599936856,119.52894955758819,highway,highway_traj_1
2025-07-19 13:33:01.875910,26.319526417489318,84.0210007469807,91.77709892218132,121.26820306501236,highway,highway_traj_1
2025-07-19 13:31:58.243486,26.319262663211486,84.02149834520748,88.84537652594993,123.65140834672428,highway,highway_traj_1
2025-07-19 13:28:46.495051,26.31911366063823,84.02179920964983,62.121137475793205,124.57089522671743,highway,highway_traj_1
2025-07-19 13:29:53.995968,26.318741871903296,84.02219917406309,78.29057360271504,110.57780400376532,highway,highway_traj_1
2025-07-19 13:33:49.600240,26.318607334189203,84.02265277986916,71.33845643595639,96.66383116138383,highway,highway_traj_1
2025-07-19 13:34:33.121407,26.318623155414123,84.02318987681342,73.4845221422443,96.796001050776,highway,highway_traj_1
2025-07-19 13:33:21.961566,26.31850091505784,84.02352181532738,65.49033908595665,106.57417202530007,highway,highway_traj_1
2025-07-19 13:33:35.921872,26.318443613549952,84.02396929159595,76.2202989175452,115.36573601924039,highway,highway_traj_1
2025-07-19 13:32:10.779149,26.31827859614484,84.0244831526305,97.68872466277203,117.55952240749264,highway,highway_traj_1
2025-07-19 13:32:47.294667,26.318069272040695,84.0248367037923,69.25713348745802,121.30005838724281,highway,highway_traj_1
2025-07-19 13:29:21.559606,26.31788079699928,84.02532616370029,81.4758304859013,121.3000102670535,highway,highway_traj_1
2025-07-19 13:34:19.962304,26.317611093418744,84.0255952554148,91.72079582953458,125.58566321640069,highway,highway_traj_1
2025-07-19 13:34:27.086339,26.317366064030924,84.02597074572597,67.04781501530081,125.94607177686294,highway,highway_traj_1
2025-07-19 13:30:13.845087,26.31720336239749,84.02641375522957,86.42639016045831,129.28672840774084,highway,highway_traj_1
2025-07-19 13:31:25.796444,26.316817061475398,84.02685462458689,84.6033711277558,131.29420145749918,highway,highway_traj_1
2025-07-19 13:29:12.961831,26.316654511159307,84.02717474813312,78.61154473870376,132.96520244206351,highway,highway_traj_1
2025-07-19 13:33:26.768959,26.316331313626772,84.0274406825213,62.818605523658235,137.14636746938027,highway,highway_traj_1
2025-07-19 13:29:52.747715,26.31593778365655,84.02785235675306,74.18832842285639,140.5229420627395,highway,highway_traj_1
2025-07-19 13:33:40.932920,26.315597922595153,84.02812273963096,93.83677820354376,140.52286021657142,highway,highway_traj_1
2025-07-19 13:34:50.947503,26.31524615211361,84.02847501913078,95.929070268052,141.65831583891577,highway,highway_traj_1
2025-07-19 13:31:16.469392,26.31489423887273,84.0287969606551,91.03581543410965,156.84786402238683,highway,highway_traj_1
2025-07-19 13:29:41.242440,26.31459999160057,84.02896300917229,80.51123448573401,166.08420144071306,highway,highway_traj_1
2025-07-19 13:33:17.135311,26.31404974017639,84.02908658124308,72.5929980321747,166.08420144071306,highway,highway_traj_1
2025-07-19 13:24:22.133342,26.299272941712097,83.967424534176,84.92024908711589,55.09176166813961,highway,highway_traj_2
2025-07-19 13:24:25.833572,26.299531332650357,83.9678909224094,83.13662389462158,55.09170533122398,highway,highway_traj_2
2025-07-19 13:24:32.075774,26.299699743435923,83.96823938020141,87.51117144086359,55.091648992258,highway,highway_traj_2
2025-07-19 13:24:29.617193,26.30005718744284,83.96853341735186,64.7569792413646,60.24730651801656,highway,highway_traj_2
2025-07-19 13:24:35.710981,26.30017303428768,83.96903966287458,64.51702571008033,61.2542846280445,highway,highway_traj_2
2025-07-19 13:24:38.003092,26.30046053065806,83.96940310192845,80.3871809951805,61.254242508340724,highway,highway_traj_2
2025-07-19 13:24:42.032277,26.300690726898384,83.96980295318853,95.40043306387915,61.254200392555674,highway,highway_traj_2
2025-07-19 13:24:46.673817,26.30079034053034,83.97024113120197,74.64857677063829,63.36196640425783,highway,highway_traj_2
2025-07-19 13:25:00.834741,26.30100042294633,83.97063054269776,77.06972099279118,63.508359985350864,highway,highway_traj_2
2025-07-19 13:24:51.635463,26.30126040641334,83.97108316724304,78.22175697874044,63.50832311828378,highway,highway_traj_2
2025-07-19 13:24:43.232189,26.30143576399144,83.97145037514176,96.28791085975476,63.50828625165576,highway,highway_traj_2
2025-07-19 13:24:48.733445,26.301569639498265,83.97196587518272,71.91323537985708,64.5679942553117,highway,highway_traj_2
2025-07-19 13:25:07.168290,26.30170839797276,83.9723429496678,98.27015025885234,64.74712867555706,highway,highway_traj_2
2025-07-19 13:25:26.582324,26.301900038043648,83.97282344874928,88.7408299170879,64.74709465756337,highway,highway_traj_2
2025-07-19 13:25:18.803828,26.302088563030956,83.97313891234256,84.95489245298288,64.74706063931342,highway,highway_traj_2
2025-07-19 13:25:00.156472,26.30222824023697,83.97356256594017,79.20729624304602,64.74702661883617,highway,highway_traj_2
2025-07-19 13:25:22.937560,26.302515881297555,83.97404473107872,66.57563046157658,64.48855772311083,highway,highway_traj_2
2025-07-19 13:25:19.271927,26.302658324178317,83.97451577469857,67.1268542773025,64.42411910193687,highway,highway_traj_2
2025-07-19 13:25:38.060181,26.302817159837232,83.97483880134386,67.59928133695854,64.42408434210529,highway,highway_traj_2
2025-07-19 13:25:43.483220,26.303056157469214,83.97520750208989,82.96776169205694,64.42404958386356,highway,highway_traj_2
2025-07-19 13:25:03.210765,26.303164391443108,83.97572202273481,81.369580269533,64.44288016665104,highway,highway_traj_2
2025-07-19 13:25:51.934914,26.303386700146078,83.97618816724057,93.06012018058112,64.98603211133349,highway,highway_traj_2
2025-07-19 13:25:09.375980,26.30355926940349,83.97651176977128,96.70570112900933,64.98599863698473,highway,highway_traj_2
2025-07-19 13:25:56.212765,26.303664185427234,83.97701950460659,99.72811764085033,64.98596516160478,highway,highway_traj_2
2025-07-19 13:25:50.490638,26.30394923868424,83.97735201950049,63.71050236057217,64.98593168553703,highway,highway_traj_2
2025-07-19 13:25:18.965457,26.304090377245718,83.97788212304448,75.16114043190888,64.98589820878146,highway,highway_traj_2
2025-07-19 13:25:58.760771,26.304226481423168,83.97828161297811,60.95230181084334,65.08355338440231,highway,highway_traj_2
2025-07-19 13:25:56.502025,26.304422650794468,83.97863745688339,78.9500297011383,65.18839951767097,highway,highway_traj_2
2025-07-19 13:25:39.195021,26.304664037752495,83.97901334558023,98.98568393708553,65.18836650225307,highway,highway_traj_2
2025-07-19 13:26:03.988494,26.304723206420274,83.97946232869363,64.414971129577,65.18833348468655,highway,highway_traj_2
2025-07-19 13:25:46.669957,26.304898131442087,83.97990417447019,97.8423301026106,65.18830046869522,highway,highway_traj_2
2025-07-19 13:26:49.893512,26.305075303934235,83.98032450261321,96.02161223143206,65.18826745055532,highway,highway_traj_2
2025-07-19 13:26:31.935822,26.30523886498532,83.9807575262891,99.62551166325768,64.00839538517096,highway,highway_traj_2
2025-07-19 13:25:51.341186,26.30541560492406,83.98112425897655,62.821630329852574,62.39682794267185,highway,highway_traj_2
2025-07-19 13:26:03.274080,26.305634953099702,83.98164926795202,60.31213888117425,62.39678848770757,highway,highway_traj_2
2025-07-19 13:25:44.887354,26.305876617121566,83.9819534933025,80.09209340769192,62.39674903198363,highway,highway_traj_2
2025-07-19 13:26:17.771987,26.30612910051388,83.98240006635596,82.06612863322641,61.67489170320118,highway,highway_traj_2
2025-07-19 13:26:57.758402,26.306268778441932,83.9827749073256,61.375075541689256,61.1928660149548,highway,highway_traj_2
2025-07-19 13:26:28.628933,26.306439403870808,83.98324439073797,65.7177950854594,61.19282374436756,highway,highway_traj_2
2025-07-19 13:26:25.003250,26.306712124898823,83.9836369685612,95.39549538322446,61.192781472984734,highway,highway_traj_2
2025-07-19 13:27:37.130744,26.306918344488608,83.98410882865939,70.64678905414047,61.19273920042633,highway,highway_traj_2
2025-07-19 13:26:45.907436,26.307124269225543,83.9844920227093,81.93097426458934,61.19269692859223,highway,highway_traj_2
2025-07-19 13:27:21.136801,26.307279916838034,83.98495375990424,66.20558478898099,61.32716782529542,highway,highway_traj_2
2025-07-19 13:27:23.678649,26.307468286031245,83.98528302243214,75.81256650204294,61.424948767038416,highway,highway_traj_2
2025-07-19 13:27:05.232295,26.307754693161797,83.9857617484509,60.05466296414856,61.424907038289575,highway,highway_traj_2
2025-07-19 13:27:51.981047,26.307873193013176,83.98613319457573,75.99557376064809,61.42486530799033,highway,highway_traj_2
2025-07-19 13:26:19.099140,26.308047230327983,83.98658849135235,89.49362784874802,61.42482357766437,highway,highway_traj_2
2025-07-19 13:28:06.800250,26.30825173747434,83.98688504366794,94.06201818717446,61.42478184654988,highway,highway_traj_2
2025-07-19 13:27:11.627580,26.30854455517914,83.98740514656612,81.39566038383494,61.760551885462974,highway,highway_traj_2
2025-07-19 13:26:33.398156,26.3086207869219,83.98780030726537,83.50851441647633,62.166807935177985,highway,highway_traj_2
2025-07-19 13:26:30.388357,26.308930699555084,83.9882136076669,86.2666572639048,62.16676793604688,highway,highway_traj_2
2025-07-19 13:26:55.709759,26.309102019313695,83.98868720930147,87.27926783368414,62.16672794003364,highway,highway_traj_2
2025-07-19 13:27:32.045713,26.309284639239795,83.98906971700193,89.45898498330806,62.16668794210193,highway,highway_traj_2
2025-07-19 13:26:22.083162,26.30942062120077,83.98947518110667,89.62364974795841,62.17055582100926,highway,highway_traj_2
2025-07-19 13:27:44.886561,26.30963331553079,83.98987330476179,90.18230136003552,63.200505192930336,highway,highway_traj_2
2025-07-19 13:26:51.897304,26.30985941010854,83.99022262650304,94.86917681368095,63.20046760262858,highway,highway_traj_2
2025-07-19 13:26:54.935120,26.31008749437806,83.99065574004734,72.26382999846695,63.20043000963125,highway,highway_traj_2
2025-07-19 13:27:44.769860,26.310258365353715,83.99108296164987,93.22773641542904,67.41984995005299,highway,highway_traj_2
2025-07-19 13:28:55.418257,26.310382927628993,83.99157626291387,71.44331524465076,67.83239806399064,highway,highway_traj_2
2025-07-19 13:29:10.782305,26.310553408275812,83.99201192784125,68.68591861053156,69.13226596933282,highway,highway_traj_2
2025-07-19 13:27:01.923621,26.310762251459835,83.99240855878801,62.183336900355016,70.17935460958142,highway,highway_traj_2
2025-07-19 13:26:27.910685,26.310873793599846,83.9928139039269,80.09464690112878,70.17933240006334,highway,highway_traj_2
2025-07-19 13:26:38.886948,26.310910945987455,83.99332630658957,93.39421118811711,70.17931019139598,highway,highway_traj_2
2025-07-19 13:28:28.637295,26.31107288167256,83.99367949627833,98.23501421691724,70.17928798096568,highway,highway_traj_2
2025-07-19 13:28:26.011240,26.311304915478484,83.99414994211425,87.29774419572782,69.43517559350437,highway,highway_traj_2
2025-07-19 13:29:13.922303,26.311376487557226,83.99458503049418,97.5995047828209,69.31278843840659,highway,highway_traj_2
2025-07-19 13:28:17.270426,26.31157946641744,83.99505871954713,75.58114725782629,69.31276444191406,highway,highway_traj_2
2025-07-19 13:26:55.613026,26.311757283356272,83.99545860566133,70.342154432026,69.31274044401351,highway,highway_traj_2
2025-07-19 13:29:38.800218,26.31190138530794,83.99590619481027,87.06448840594325,68.95002664966182,highway,highway_traj_2
2025-07-19 13:26:57.189842,26.31197438387779,83.99626585152357,79.69502499445346,68.37977421195939,highway,highway_traj_2
2025-07-19 13:27:14.514593,26.312214630529528,83.99674539205708,65.78449388936534,68.37974824155748,highway,highway_traj_2
2025-07-19 13:27:43.410334,26.312288190486587,83.99719794476687,93.15109343153358,68.37972227078762,highway,highway_traj_2
2025-07-19 13:28:17.515175,26.31245728887445,83.9976071496928,90.27517477044977,68.37969630087127,highway,highway_traj_2
2025-07-19 13:29:39.013462,26.31256356456823,83.99809124313336,91.42162245747521,67.89336369096418,highway,highway_traj_2
2025-07-19 13:26:55.662867,26.312719869326862,83.99842035549294,91.97181758951237,67.5973601790339,highway,highway_traj_2
2025-07-19 13:29:21.225392,26.312940823133662,83.99885883708158,77.16055556806522,67.59733251774082,highway,highway_traj_2
2025-07-19 13:27:51.333309,26.313120878779173,83.9993125150263,84.45858826998958,67.59730485932278,highway,highway_traj_2
2025-07-19 13:27:21.413749,26.31326824756077,83.99975299849123,96.91762164413085,67.59727719704455,highway,highway_traj_2
2025-07-19 13:29:55.902068,26.31339601649664,84.00026560892296,78.1906542461457,66.92709091605411,highway,highway_traj_2
2025-07-19 13:29:48.342625,26.313578796631067,84.00063440675116,87.90711171247374,66.02888220751623,highway,highway_traj_2
2025-07-19 13:30:35.624317,26.313796166566224,84.00107974309881,96.20656921026102,66.02885107925778,highway,highway_traj_2
2025-07-19 13:27:32.793514,26.313912084265798,84.00154360369014,82.3201003315246,66.02881994851805,highway,highway_traj_2
2025-07-19 13:29:56.020804,26.314075954973703,84.00186621751268,93.63686076071207,66.02878881813893,highway,highway_traj_2
2025-07-19 13:28:53.017766,26.314197037285457,84.00232192457422,64.9408766805827,65.67302082418968,highway,highway_traj_2
2025-07-19 13:28:11.850565,26.314428102612034,84.00281325606754,74.56129481909554,65.05317972057082,highway,highway_traj_2
2025-07-19 13:28:09.698128,26.31453297643858,84.0032377597978,81.80806585671212,65.0531463852522,highway,highway_traj_2
2025-07-19 13:30:04.747701,26.314833982686725,84.00366330577835,82.32471390948362,65.05311304806128,highway,highway_traj_2
2025-07-19 13:30:37.330428,26.31491374055684,84.00396217715756,97.78840439707702,65.05307971176575,highway,highway_traj_2
2025-07-19 13:30:03.163552,26.31507356633188,84.00438287973942,69.9426871580311,65.05445985941822,highway,highway_traj_2
2025-07-19 13:30:39.692014,26.315282552514578,84.00491579822585,93.27027667586057,65.05839169163613,highway,highway_traj_2
2025-07-19 13:31:33.771387,26.315505394583877,84.00520302912496,89.61222693169591,65.05835836552484,highway,highway_traj_2
2025-07-19 13:30:43.956176,26.315631519097355,84.00564363033575,68.53937945117815,65.0583250391229,highway,highway_traj_2
2025-07-19 13:29:32.401101,26.315783666467592,84.00613060331861,82.46852672176064,65.0582917144074,highway,highway_traj_2
2025-07-19 13:28:39.228775,26.316005506939508,84.00648306775012,81.39428466514963,65.0582583878197,highway,highway_traj_2
2025-07-19 13:31:08.730378,26.31622181858271,84.0069633468472,66.58831532908553,65.87647582283398,highway,highway_traj_2
2025-07-19 13:31:22.173794,26.31638003351811,84.00736290339748,88.45081528384097,66.36101673218639,highway,highway_traj_2
2025-07-19 13:27:38.721325,26.316578527890247,84.00779475600162,80.48810679204584,66.3609863412471,highway,highway_traj_2
2025-07-19 13:30:12.835801,26.316754037289137,84.00830425948675,98.09298090265575,66.3609559515566,highway,highway_traj_2
2025-07-19 13:29:22.537236,26.316886596470894,84.00872490340598,74.26737189769283,66.12477016452038,highway,highway_traj_2
2025-07-19 13:28:07.676512,26.317024466862787,84.00905364124492,84.89382104181966,65.96039795670424,highway,highway_traj_2
2025-07-19 13:32:23.406617,26.317206378000485,84.0094490989439,89.16785731707755,65.96036666848045,highway,highway_traj_2
2025-07-19 13:29:35.317991,26.317401040063064,84.00989944012782,92.4447246178693,65.9603353811886,highway,highway_traj_2
2025-07-19 13:32:17.898511,26.317557809808463,84.01032911921807,91.2225951758767,65.96030409283497,highway,highway_traj_2
2025-07-19 13:31:50.513745,26.31771725098091,84.01074167158473,99.29200610721634,67.20476472076592,highway,highway_traj_2
2025-07-19 13:31:27.831485,26.317868186584764,84.01126499839586,61.657319744990204,67.52387611875952,highway,highway_traj_2
2025-07-19 13:28:00.061277,26.31798728359464,84.01166520498307,99.18080631135649,67.52384829257642,highway,highway_traj_2
2025-07-19 13:33:03.083473,26.318206594799467,84.01213330680967,91.65071496951799,67.52382046912828,highway,highway_traj_2
2025-07-19 13:31:13.818469,26.31837848421226,84.01246786809045,84.47056708512335,67.52379264276738,highway,highway_traj_2
2025-07-19 13:28:29.815391,26.31854937797118,84.01297416640806,69.61884233115461,67.38406179975686,highway,highway_traj_2
2025-07-19 13:28:51.769528,26.318669285709323,84.01331545556549,83.35082227841724,67.2977003182894,highway,highway_traj_2
2025-07-19 13:30:26.858150,26.318837285671655,84.01382108205308,63.636055278030945,67.29767199739632,highway,highway_traj_2
2025-07-19 13:32:37.575543,26.318985030378485,84.01426601895703,64.52399916054657,67.29764367708259,highway,highway_traj_2
2025-07-19 13:33:30.847415,26.31915380826297,84.01460754655754,82.47258746661883,67.29761535573431,highway,highway_traj_2
2025-07-19 13:31:17.569639,26.319372032841578,84.0151116705388,82.89964193074626,66.75741185252696,highway,highway_traj_2
2025-07-19 13:31:27.200029,26.319502438340482,84.01557006636268,88.82286572320089,66.45298885266908,highway,highway_traj_2
2025-07-19 13:32:18.894828,26.319581559679545,84.01598632447487,67.29289362505352,66.45295866562583,highway,highway_traj_2
2025-07-19 13:28:31.526018,26.31981959220935,84.01632972502962,88.3464999081938,66.45292847592901,highway,highway_traj_2
2025-07-19 13:28:19.001526,26.319935177607434,84.01684493578128,65.0638985314232,66.45289828758382,highway,highway_traj_2
2025-07-19 13:28:22.267185,26.320123528827295,84.01717947960873,60.51649588984831,66.46975893112409,highway,highway_traj_2
2025-07-19 13:31:07.601691,26.32024076800824,84.01762756713904,97.95351538747431,67.8570074993338,highway,highway_traj_2
2025-07-19 13:32:07.126106,26.320464614272186,84.01809994300295,95.23565323507093,77.75130399059799,highway,highway_traj_2
2025-07-19 13:31:56.972642,26.320509202820695,84.0185184276878,82.06720023442762,102.68372676104275,highway,highway_traj_2
2025-07-19 13:30:57.833382,26.32040869072152,84.0190132879131,90.67297034494152,112.65832309596095,highway,highway_traj_2
2025-07-19 13:33:55.502165,26.320268211727566,84.01937053003242,63.68671599252903,114.65177718655332,highway,highway_traj_2
2025-07-19 13:29:12.527430,26.320073987178898,84.0197869644373,96.48486201412541,118.75936788242893,highway,highway_traj_2
2025-07-19 13:32:51.218986,26.319979176757457,84.02018429784157,78.52423514784597,118.75932570294037,highway,highway_traj_2
2025-07-19 13:33:17.509121,26.319654043078483,84.02057829003252,67.19203089809022,119.52894955758819,highway,highway_traj_2
2025-07-19 13:31:19.589445,26.319536690930843,84.02106137078755,95.22769943891893,121.26820306501236,highway,highway_traj_2
2025-07-19 13:30:04.052182,26.31922731963186,84.02146237898903,85.19328692242604,123.65140834672428,highway,highway_traj_2
2025-07-19 13:33:22.433444,26.319048926275133,84.02180774004093,91.00396252441801,124.57089522671743,highway,highway_traj_2
2025-07-19 13:29:18.543235,26.318770466601283,84.02230329059599,88.68651961559013,110.57780400376532,highway,highway_traj_2
2025-07-19 13:32:02.819534,26.318683887288152,84.02267191160318,68.86219089922857,96.66383116138383,highway,highway_traj_2
2025-07-19 13:28:56.200112,26.318666550017838,84.02311354468041,90.57633788750573,96.796001050776,highway,highway_traj_2
2025-07-19 13:30:47.802136,26.318590531333594,84.02357064553027,90.60648761150419,106.57417202530007,highway,highway_traj_2
2025-07-19 13:33:22.718199,26.31841254987825,84.02399513764821,98.3519372016809,115.36573601924039,highway,highway_traj_2
2025-07-19 13:30:54.132619,26.318324962254263,84.02439410144557,95.36838613637863,117.55952240749264,highway,highway_traj_2
2025-07-19 13:33:40.233785,26.31811602860662,84.02491287278308,93.92503743479503,121.30005838724281,highway,highway_traj_2
2025-07-19 13:31:33.662602,26.3179231358417,84.02525401922266,94.4153544971506,121.3000102670535,highway,highway_traj_2
2025-07-19 13:33:06.294612,26.317681169632273,84.02558439246819,76.4920108387762,125.58566321640069,highway,highway_traj_2
2025-07-19 13:33:08.016044,26.317380434964814,84.02612430643501,98.57261927352107,125.94607177686294,highway,highway_traj_2
2025-07-19 13:34:22.819629,26.317076915666558,84.02649845093701,65.78747506971317,129.28672840774084,highway,highway_traj_2
2025-07-19 13:31:17.693619,26.316883648991535,84.02686034089096,70.99129303375216,131.29420145749918,highway,highway_traj_2
2025-07-19 13:29:29.459979,26.316563700087446,84.02722796701643,99.3048976120333,132.96520244206351,highway,highway_traj_2
2025-07-19 13:33:23.068722,26.31631380894028,84.02744539616123,90.622842553387,137.14636746938027,highway,highway_traj_2
2025-07-19 13:32:22.473192,26.316012483828345,84.02784424360951,90.78165129822327,140.5229420627395,highway,highway_traj_2
2025-07-19 13:35:34.725821,26.31565130195718,84.02816428909807,98.60482090741323,140.52286021657142,highway,highway_traj_2
2025-07-19 13:32:49.973850,26.315287410913307,84.0284674191243,99.68705661300774,141.65831583891577,highway,highway_traj_2
2025-07-19 13:35:48.394065,26.31489305865112,84.02881758095978,95.12983250072479,156.84786402238683,highway,highway_traj_2
2025-07-19 13:29:57.979173,26.314528732238845,84.0289930636708,86.78525135040886,166.08420144071306,highway,highway_traj_2
2025-07-19 13:35:21.365991,26.31411543998158,84.02914318518836,93.1461038596853,166.08420144071306,highway,highway_traj_2
2025-07-19 13:24:22.133342,26.299252601662264,83.96742459174585,67.15401863646755,55.09176166813961,highway,highway_traj_3
2025-07-19 13:24:24.854460,26.299503645075966,83.96779483474769,65.63107615986402,55.09170533122398,highway,highway_traj_3
2025-07-19 13:24:32.003891,26.29981111767976,83.96821586997123,92.00167452830934,55.091648992258,highway,highway_traj_3
2025-07-19 13:24:31.356428,26.30001240892406,83.96854640453526,64.47252843574215,60.24730651801656,highway,highway_traj_3
2025-07-19 13:24:36.710797,26.30019863754163,83.96906805806915,78.14617732201688,61.2542846280445,highway,highway_traj_3
2025-07-19 13:24:43.753290,26.300348836366858,83.96944783338051,87.72610848550714,61.254242508340724,highway,highway_traj_3
2025-07-19 13:24:46.826271,26.300612077782464,83.96981746205066,82.70303538599464,61.254200392555674,highway,highway_traj_3
2025-07-19 13:24:36.655948,26.30086756891081,83.97023438150676,87.57728188527234,63.36196640425783,highway,highway_traj_3
2025-07-19 13:24:41.463608,26.30094923453515,83.97067430500455,70.38403506811605,63.508359985350864,highway,highway_traj_3
2025-07-19 13:24:40.698412,26.30114971143072,83.97112648692887,92.50658489926494,63.50832311828378,highway,highway_traj_3
2025-07-19 13:25:11.854869,26.301360087371116,83.97149122422522,62.13284697878466,63.50828625165576,highway,highway_traj_3
2025-07-19 13:24:47.947712,26.30153952087928,83.97195612562805,84.68242250218762,64.5679942553117,highway,highway_traj_3
2025-07-19 13:25:16.889352,26.301788256832562,83.97229932251632,89.99402993107671,64.74712867555706,highway,highway_traj_3
2025-07-19 13:25:00.256401,26.301919818435586,83.9728091575663,93.93505082796455,64.74709465756337,highway,highway_traj_3
2025-07-19 13:25:04.344559,26.30206581885441,83.97309894207429,61.46275618253911,64.74706063931342,highway,highway_traj_3
2025-07-19 13:24:58.512770,26.302271892273716,83.97363199348041,77.61700029385145,64.74702661883617,highway,highway_traj_3
2025-07-19 13:25:12.350162,26.30247519552682,83.97400291918296,80.68317924428624,64.48855772311083,highway,highway_traj_3
2025-07-19 13:25:06.894820,26.302689067215343,83.97443678584763,92.38799690105373,64.42411910193687,highway,highway_traj_3
2025-07-19 13:25:32.641701,26.302884949986705,83.97480484715838,79.41201583034226,64.42408434210529,highway,highway_traj_3
2025-07-19 13:25:10.241404,26.302985626951017,83.9753385572137,90.50951357152792,64.42404958386356,highway,highway_traj_3
2025-07-19 13:26:00.092472,26.303147954112877,83.97564285130944,66.3487935047939,64.44288016665104,highway,highway_traj_3
2025-07-19 13:25:09.360246,26.303341804911597,83.97611733139316,65.60875975270656,64.98603211133349,highway,highway_traj_3
2025-07-19 13:25:19.001684,26.303609373854943,83.97650825410282,88.37733703984702,64.98599863698473,highway,highway_traj_3
2025-07-19 13:25:08.829500,26.30366818823763,83.97696776570604,95.33992451871488,64.98596516160478,highway,highway_traj_3
2025-07-19 13:25:23.217606,26.303873698749236,83.97743379438104,63.79505574770962,64.98593168553703,highway,highway_traj_3
2025-07-19 13:25:31.152422,26.304123744037696,83.97777240483545,82.78067023890038,64.98589820878146,highway,highway_traj_3
2025-07-19 13:26:13.906455,26.304256768159266,83.97829917301542,83.79745376467505,65.08355338440231,highway,highway_traj_3
2025-07-19 13:26:32.550943,26.304427430875993,83.97873542828137,94.13255270545677,65.18839951767097,highway,highway_traj_3
2025-07-19 13:26:33.008785,26.304539012273906,83.97905909281621,98.78782738989356,65.18836650225307,highway,highway_traj_3
2025-07-19 13:25:29.438567,26.304723948691276,83.97945370168672,73.0764438197592,65.18833348468655,highway,highway_traj_3
2025-07-19 13:26:47.245020,26.304890825955944,83.9799627213288,91.06378167390918,65.18830046869522,highway,highway_traj_3
2025-07-19 13:26:22.670368,26.305059583186814,83.98039549045134,74.41305984618239,65.18826745055532,highway,highway_traj_3
2025-07-19 13:26:41.868544,26.305353129425466,83.98078711549162,91.99083559173653,64.00839538517096,highway,highway_traj_3
2025-07-19 13:26:30.072772,26.305547166474437,83.9812084984357,83.14047486436539,62.39682794267185,highway,highway_traj_3
2025-07-19 13:26:46.733445,26.305610372415085,83.98153959428271,61.827835443246684,62.39678848770757,highway,highway_traj_3
2025-07-19 13:25:38.193323,26.305824233440244,83.98204044125096,62.710108087755444,62.39674903198363,highway,highway_traj_3
2025-07-19 13:26:51.936088,26.306021446891215,83.9824651428356,60.77441016213748,61.67489170320118,highway,highway_traj_3
2025-07-19 13:27:16.155562,26.306235014852902,83.98286016771583,65.18438533181266,61.1928660149548,highway,highway_traj_3
2025-07-19 13:26:23.423157,26.306451033584118,83.98333342401993,74.07343554169202,61.19282374436756,highway,highway_traj_3
2025-07-19 13:26:35.519111,26.30660314804719,83.98363180798827,96.26993776385768,61.192781472984734,highway,highway_traj_3
2025-07-19 13:26:22.236737,26.30683801798054,83.98411380995874,86.69974649023123,61.19273920042633,highway,highway_traj_3
2025-07-19 13:26:58.750480,26.30709840281351,83.98446703321105,61.86932581438724,61.19269692859223,highway,highway_traj_3
2025-07-19 13:27:18.914598,26.307211230776716,83.98497712052853,78.54776019336786,61.32716782529542,highway,highway_traj_3
2025-07-19 13:26:43.356489,26.307420754489872,83.98533710273165,72.82968494092806,61.424948767038416,highway,highway_traj_3
2025-07-19 13:26:38.330007,26.307678135749775,83.98575797386988,77.68278378473296,61.424907038289575,highway,highway_traj_3
2025-07-19 13:26:00.103750,26.30787175677804,83.98618080355737,74.9636870415913,61.42486530799033,highway,highway_traj_3
2025-07-19 13:28:06.576930,26.308131885305404,83.98652373533969,81.68061448310475,61.42482357766437,highway,highway_traj_3
2025-07-19 13:26:47.346386,26.30825350213345,83.98701790348109,77.41090293485537,61.42478184654988,highway,highway_traj_3
2025-07-19 13:28:15.202270,26.30845218171724,83.98738079583556,88.81875363024488,61.760551885462974,highway,highway_traj_3
2025-07-19 13:26:17.621476,26.308693750693863,83.98784934896528,74.51238194177422,62.166807935177985,highway,highway_traj_3
2025-07-19 13:27:30.304552,26.30885797850828,83.98824952139286,98.06895640094235,62.16676793604688,highway,highway_traj_3
2025-07-19 13:26:29.120107,26.30902909663066,83.9886426430341,75.41812820097394,62.16672794003364,highway,highway_traj_3
2025-07-19 13:27:15.562862,26.309323963843482,83.98905753386099,77.14888927795057,62.16668794210193,highway,highway_traj_3
2025-07-19 13:28:32.669489,26.309539307445746,83.98944428259264,83.45730756730322,62.17055582100926,highway,highway_traj_3
2025-07-19 13:28:05.302953,26.30972335724549,83.98982800127877,91.93960800178638,63.200505192930336,highway,highway_traj_3
2025-07-19 13:27:33.908348,26.309824879561393,83.99032643362634,64.96609179141102,63.20046760262858,highway,highway_traj_3
2025-07-19 13:26:24.059632,26.310022089399997,83.99076550169922,94.13815716700668,63.20043000963125,highway,highway_traj_3
2025-07-19 13:26:22.722875,26.310250215468724,83.99112087869686,89.92287673723452,67.41984995005299,highway,highway_traj_3
2025-07-19 13:26:20.392947,26.31032183222491,83.99146491769505,83.49607493594611,67.83239806399064,highway,highway_traj_3
2025-07-19 13:28:22.118246,26.31048690574339,83.99197404622556,78.561872559557,69.13226596933282,highway,highway_traj_3
2025-07-19 13:28:29.225329,26.31072795531846,83.99246736670042,99.02153972819198,70.17935460958142,highway,highway_traj_3
2025-07-19 13:29:01.845572,26.310868563413973,83.99290052643619,78.49158612435586,70.17933240006334,highway,highway_traj_3
2025-07-19 13:29:05.711448,26.310928555810115,83.99319511280576,94.97659700115585,70.17931019139598,highway,highway_traj_3
2025-07-19 13:28:16.601414,26.31117790398197,83.99377265251319,63.89218218325492,70.17928798096568,highway,highway_traj_3
2025-07-19 13:28:21.950438,26.31130169937054,83.99413661425133,90.60803470479829,69.43517559350437,highway,highway_traj_3
2025-07-19 13:28:10.053657,26.311420523355217,83.99456849378277,63.69018289969759,69.31278843840659,highway,highway_traj_3
2025-07-19 13:29:26.592713,26.3115047769958,83.99504779231556,77.03678463861749,69.31276444191406,highway,highway_traj_3
2025-07-19 13:27:53.446620,26.311768798011318,83.99548188569351,99.91097444281246,69.31274044401351,highway,highway_traj_3
2025-07-19 13:28:41.898729,26.311811297402286,83.99588350670928,88.24679505829394,68.95002664966182,highway,highway_traj_3
2025-07-19 13:27:15.514108,26.311963597757924,83.99630152597102,97.59228859297049,68.37977421195939,highway,highway_traj_3
2025-07-19 13:27:51.876363,26.31214959398589,83.99679739968447,77.26798541057903,68.37974824155748,highway,highway_traj_3
2025-07-19 13:28:43.656357,26.312363675244455,83.99725392233444,94.66731845383472,68.37972227078762,highway,highway_traj_3
2025-07-19 13:27:44.177905,26.312448704089327,83.99757618021027,96.26947367290617,68.37969630087127,highway,highway_traj_3
2025-07-19 13:29:39.464102,26.31267034977419,83.9980472389325,72.71928226462653,67.89336369096418,highway,highway_traj_3
2025-07-19 13:29:10.646332,26.312834563621607,83.99853561090501,89.80529359669967,67.5973601790339,highway,highway_traj_3
2025-07-19 13:29:11.899374,26.312883746610126,83.99889461178984,97.13106003646482,67.59733251774082,highway,highway_traj_3
2025-07-19 13:28:40.542724,26.31305865657178,83.99925357814818,64.51332234906774,67.59730485932278,highway,highway_traj_3
2025-07-19 13:30:14.665264,26.31318501816864,83.99971684082162,90.57754258693632,67.59727719704455,highway,highway_traj_3
2025-07-19 13:27:36.489396,26.313446664781566,84.00013662199898,79.40714497583515,66.92709091605411,highway,highway_traj_3
2025-07-19 13:29:05.410171,26.31356600578912,84.00059427526463,67.46935242964597,66.02888220751623,highway,highway_traj_3
2025-07-19 13:30:04.183214,26.313795010054225,84.00110827172615,96.53040462547585,66.02885107925778,highway,highway_traj_3
2025-07-19 13:28:46.600418,26.313972652628493,84.001466055573,94.37431953525054,66.02881994851805,highway,highway_traj_3
2025-07-19 13:29:58.143013,26.31410765107362,84.001879300945,66.34901913211624,66.02878881813893,highway,highway_traj_3
2025-07-19 13:30:52.972748,26.3142873087171,84.00231256874874,84.23533934778803,65.67302082418968,highway,highway_traj_3
2025-07-19 13:29:11.362702,26.31435880674592,84.00280550298731,98.62304925476033,65.05317972057082,highway,highway_traj_3
2025-07-19 13:30:55.951816,26.314539174107807,84.00321996086033,77.85052266132452,65.0531463852522,highway,highway_traj_3
2025-07-19 13:27:56.280686,26.314749748380216,84.00363886902089,64.16669695845532,65.05311304806128,highway,highway_traj_3
2025-07-19 13:27:26.567850,26.314947185341527,84.00399817709447,91.41388638229026,65.05307971176575,highway,highway_traj_3
2025-07-19 13:30:24.145177,26.315150214440678,84.0044265275067,75.38551896307868,65.05445985941822,highway,highway_traj_3
2025-07-19 13:28:53.048174,26.315345944887657,84.00488101489174,96.68740973851209,65.05839169163613,highway,highway_traj_3
2025-07-19 13:28:21.186261,26.31541317216821,84.00521561109952,78.60813115854569,65.05835836552484,highway,highway_traj_3
2025-07-19 13:31:10.925950,26.315583660019907,84.00577554312058,64.08253603314421,65.0583250391229,highway,highway_traj_3
2025-07-19 13:31:33.687069,26.315761187552127,84.00607125312489,66.19885930684656,65.0582917144074,highway,highway_traj_3
2025-07-19 13:28:18.500015,26.31601257651581,84.00651110756901,97.61378682861734,65.0582583878197,highway,highway_traj_3
2025-07-19 13:29:05.106940,26.31611229696767,84.00692227194071,70.1018669904131,65.87647582283398,highway,highway_traj_3
2025-07-19 13:29:39.233018,26.316319441227336,84.00733642498842,71.03242649579875,66.36101673218639,highway,highway_traj_3
2025-07-19 13:29:48.996779,26.316510713996067,84.00785261149707,89.366625492698,66.3609863412471,highway,highway_traj_3
2025-07-19 13:27:52.266475,26.316729672178585,84.00832098556829,63.20383674291945,66.3609559515566,highway,highway_traj_3
2025-07-19 13:28:59.274139,26.316882956582344,84.00866465989893,81.61263351245687,66.12477016452038,highway,highway_traj_3
2025-07-19 13:31:26.344813,26.316987076383423,84.00904402855615,66.03606477479977,65.96039795670424,highway,highway_traj_3
2025-07-19 13:29:45.849170,26.317166711528195,84.00956866638211,88.07778366397734,65.96036666848045,highway,highway_traj_3
2025-07-19 13:32:10.108874,26.317387803275405,84.009961504139,98.1320947803464,65.9603353811886,highway,highway_traj_3
2025-07-19 13:32:28.394205,26.31751944782089,84.01044577681323,77.83015189589165,65.96030409283497,highway,highway_traj_3
2025-07-19 13:28:16.847726,26.317753184253345,84.01079145189331,92.89807571399332,67.20476472076592,highway,highway_traj_3
2025-07-19 13:30:05.575257,26.317790039936828,84.01127868936345,82.21492580314418,67.52387611875952,highway,highway_traj_3
2025-07-19 13:31:40.023296,26.31808166637654,84.01165903182665,89.91415229060209,67.52384829257642,highway,highway_traj_3
2025-07-19 13:30:35.384090,26.318192757950527,84.01210987986859,97.65781007908089,67.52382046912828,highway,highway_traj_3
2025-07-19 13:32:21.985548,26.31830262454938,84.01255716984802,82.13415022598042,67.52379264276738,highway,highway_traj_3
2025-07-19 13:29:41.965384,26.318538875160517,84.0129079201281,64.87479475936857,67.38406179975686,highway,highway_traj_3
2025-07-19 13:28:10.470305,26.318609457067698,84.01336556247563,88.85064548318093,67.2977003182894,highway,highway_traj_3
2025-07-19 13:33:03.905557,26.318822720333138,84.01387271923815,65.01470284349531,67.29767199739632,highway,highway_traj_3
2025-07-19 13:32:23.546318,26.31894876598389,84.01419544195365,90.9471155709563,67.29764367708259,highway,highway_traj_3
2025-07-19 13:30:01.803028,26.319143279098203,84.01474174720035,96.9419996538034,67.29761535573431,highway,highway_traj_3
2025-07-19 13:29:01.867373,26.3192902233359,84.01505000633935,80.90028560269684,66.75741185252696,highway,highway_traj_3
2025-07-19 13:30:29.838845,26.319525187935202,84.01552035275623,75.09975477186694,66.45298885266908,highway,highway_traj_3
2025-07-19 13:30:40.555828,26.319622612313147,84.01600027219665,85.27185672084055,66.45295866562583,highway,highway_traj_3
2025-07-19 13:33:51.366642,26.319859425734688,84.01630931609664,67.86835184800914,66.45292847592901,highway,highway_traj_3
2025-07-19 13:28:55.129724,26.320023737740947,84.01676991643238,89.91185836407327,66.45289828758382,highway,highway_traj_3
2025-07-19 13:33:55.154417,26.320109572750308,84.01719775218727,84.60123944156894,66.46975893112409,highway,highway_traj_3
2025-07-19 13:28:43.750088,26.320262407816298,84.01761447281321,87.49884219883123,67.8570074993338,highway,highway_traj_3
2025-07-19 13:29:17.379298,26.320407403533785,84.01809639917907,61.94753400077684,77.75130399059799,highway,highway_traj_3
2025-07-19 13:32:48.294228,26.320524573636728,84.01855131087542,60.08773968004863,102.68372676104275,highway,highway_traj_3
2025-07-19 13:30:22.890625,26.320465792780393,84.01890493793641,84.95631684953591,112.65832309596095,highway,highway_traj_3
2025-07-19 13:30:30.371041,26.32034833301069,84.0193421849212,77.45033699702954,114.65177718655332,highway,highway_traj_3
2025-07-19 13:29:10.540169,26.320174452608914,84.01975940008292,65.52990809404716,118.75936788242893,highway,highway_traj_3
2025-07-19 13:30:11.728109,26.31991256115513,84.02016600614269,74.87845816191438,118.75932570294037,highway,highway_traj_3
2025-07-19 13:28:37.460216,26.31968199409628,84.02072627917815,87.16309199332079,119.52894955758819,highway,highway_traj_3
2025-07-19 13:31:09.401223,26.319566525021383,84.02108735433225,73.17881796514155,121.26820306501236,highway,highway_traj_3
2025-07-19 13:31:48.796749,26.31932179097592,84.02139576605703,87.43804713828759,123.65140834672428,highway,highway_traj_3
2025-07-19 13:29:44.114205,26.319008630457493,84.02185952218899,64.49159286758884,124.57089522671743,highway,highway_traj_3
2025-07-19 13:29:54.328472,26.31881016035121,84.02216681631977,60.127356203799934,110.57780400376532,highway,highway_traj_3
2025-07-19 13:30:15.958019,26.31873179221244,84.02271737029595,82.6197942375237,96.66383116138383,highway,highway_traj_3
2025-07-19 13:31:21.442667,26.31862071002846,84.02316470239303,71.12992398815906,96.796001050776,highway,highway_traj_3
2025-07-19 13:30:54.986536,26.31862525273333,84.02363971464528,61.062017957947404,106.57417202530007,highway,highway_traj_3
2025-07-19 13:32:14.286271,26.31849700986068,84.02405380369015,84.08233178789784,115.36573601924039,highway,highway_traj_3
2025-07-19 13:29:11.859901,26.318330986333223,84.02439228316385,91.48192292069328,117.55952240749264,highway,highway_traj_3
2025-07-19 13:35:30.169524,26.318103613152047,84.02481244638057,86.76169794190388,121.30005838724281,highway,highway_traj_3
2025-07-19 13:32:21.618976,26.317862611058803,84.02518807317762,89.81260394033225,121.3000102670535,highway,highway_traj_3
2025-07-19 13:30:55.166255,26.317656100811178,84.0257306289006,67.252744425717,125.58566321640069,highway,highway_traj_3
2025-07-19 13:35:20.565228,26.317434774700768,84.02609960199237,98.58167949733323,125.94607177686294,highway,highway_traj_3
2025-07-19 13:32:09.525947,26.317101389185403,84.0263701518746,74.98890035955904,129.28672840774084,highway,highway_traj_3
2025-07-19 13:34:16.595575,26.316920410416365,84.02672452416415,75.78808529742079,131.29420145749918,highway,highway_traj_3
2025-07-19 13:35:38.904868,26.316648388406133,84.02715882351096,66.52797053535268,132.96520244206351,highway,highway_traj_3
2025-07-19 13:29:48.323729,26.316297021216137,84.02758482000901,85.06716819192503,137.14636746938027,highway,highway_traj_3
2025-07-19 13:32:44.790502,26.31604871570952,84.02788298569438,74.40454788984793,140.5229420627395,highway,highway_traj_3
2025-07-19 13:35:53.710156,26.31562028730573,84.02815612043825,78.50980025686486,140.52286021657142,highway,highway_traj_3
2025-07-19 13:32:54.063922,26.31527865712092,84.02850029447394,74.51636252779173,141.65831583891577,highway,highway_traj_3
2025-07-19 13:30:48.480724,26.314978183946746,84.02875335284327,81.11264002229264,156.84786402238683,highway,highway_traj_3
2025-07-19 13:29:53.483712,26.314495417871345,84.02898010492397,87.8589129207124,166.08420144071306,highway,highway_traj_3
2025-07-19 13:31:37.586508,26.31415299266348,84.02914147824121,77.04484514309705,166.08420144071306,highway,highway_traj_3
2025-07-19 13:24:22.149460,26.299296043332337,83.96740925201645,77.08809259425652,55.09176166813961,highway,highway_traj_4
2025-07-19 13:24:26.133103,26.299577483704855,83.9678319813592,95.81722865454051,55.09170533122398,highway,highway_traj_4
2025-07-19 13:24:30.953546,26.29980044085328,83.96818523451768,68.70373675946547,55.091648992258,highway,highway_traj_4
2025-07-19 13:24:28.664461,26.30003593403175,83.96860233002425,60.30083362750847,60.24730651801656,highway,highway_traj_4
2025-07-19 13:24:31.799203,26.300211878992037,83.96896979715352,78.40021373623931,61.2542846280445,highway,highway_traj_4
2025-07-19 13:24:33.797003,26.30041697344474,83.96942362365353,61.49007982363939,61.254242508340724,highway,highway_traj_4
2025-07-19 13:24:37.986543,26.300604656991474,83.96978927565584,66.31257155490931,61.254200392555674,highway,highway_traj_4
2025-07-19 13:24:55.548842,26.300880912670408,83.9702232144681,90.41955729006857,63.36196640425783,highway,highway_traj_4
2025-07-19 13:24:54.687522,26.300989052076275,83.97059659552063,78.08376210821059,63.508359985350864,highway,highway_traj_4
2025-07-19 13:24:42.751194,26.30120573707644,83.97100783932132,89.05228380154432,63.50832311828378,highway,highway_traj_4
2025-07-19 13:25:10.972556,26.30139446342072,83.97148844979972,99.29900049341066,63.50828625165576,highway,highway_traj_4
2025-07-19 13:24:48.308597,26.301522843181306,83.97192051655504,72.28929925897063,64.5679942553117,highway,highway_traj_4
2025-07-19 13:25:14.394869,26.301678819945298,83.97237020471286,74.09803773918563,64.74712867555706,highway,highway_traj_4
2025-07-19 13:25:26.178371,26.30187790019416,83.97273287051962,75.72303340115526,64.74709465756337,highway,highway_traj_4
2025-07-19 13:24:55.985807,26.302134508649132,83.9732570391241,70.71285355489064,64.74706063931342,highway,highway_traj_4
2025-07-19 13:25:32.824295,26.3022794852679,83.97367874888201,76.44509635224199,64.74702661883617,highway,highway_traj_4
2025-07-19 13:25:01.847628,26.302457828846155,83.9739566065312,82.90218183083398,64.48855772311083,highway,highway_traj_4
2025-07-19 13:24:56.884982,26.30261300610947,83.97451477528166,69.94663698456404,64.42411910193687,highway,highway_traj_4
2025-07-19 13:25:35.920464,26.30281961433141,83.97491929215965,83.5647818511454,64.42408434210529,highway,highway_traj_4
2025-07-19 13:25:34.309612,26.303071735999012,83.97525198219515,65.70735068678327,64.42404958386356,highway,highway_traj_4
2025-07-19 13:25:15.620377,26.303145815006985,83.97578266243383,65.7145020319514,64.44288016665104,highway,highway_traj_4
2025-07-19 13:25:31.409723,26.30333361747736,83.97609127107121,72.97964888684959,64.98603211133349,highway,highway_traj_4
2025-07-19 13:25:32.432312,26.303545275366172,83.97657759087251,90.43483146106138,64.98599863698473,highway,highway_traj_4
2025-07-19 13:25:31.113882,26.30365799807481,83.97705173080692,64.30130691012076,64.98596516160478,highway,highway_traj_4
2025-07-19 13:25:29.424468,26.30395125195172,83.97746192206907,61.46090503274996,64.98593168553703,highway,highway_traj_4
2025-07-19 13:25:37.679423,26.30413740726989,83.97776850280914,73.81101962999614,64.98589820878146,highway,highway_traj_4
2025-07-19 13:25:26.545001,26.30420702073024,83.97817491874471,69.46787342433632,65.08355338440231,highway,highway_traj_4
2025-07-19 13:26:02.062898,26.304383442066527,83.97870471956949,76.66013960271397,65.18839951767097,highway,highway_traj_4
2025-07-19 13:25:46.940009,26.304591340374454,83.9791229183643,90.01928211226894,65.18836650225307,highway,highway_traj_4
2025-07-19 13:25:26.597158,26.30478803172715,83.97954804870258,95.6535752960093,65.18833348468655,highway,highway_traj_4
2025-07-19 13:26:13.941626,26.30500718090473,83.97986363486773,66.21055066897638,65.18830046869522,highway,highway_traj_4
2025-07-19 13:26:37.112414,26.30512507644779,83.98031950682805,74.54193251823833,65.18826745055532,highway,highway_traj_4
2025-07-19 13:26:40.936380,26.305269805762897,83.9808222759566,87.94150227150249,64.00839538517096,highway,highway_traj_4
2025-07-19 13:27:03.348974,26.305536293676052,83.98121748000919,63.77261005917157,62.39682794267185,highway,highway_traj_4
2025-07-19 13:26:20.579836,26.305705912065545,83.98155636427715,80.64026804212659,62.39678848770757,highway,highway_traj_4
2025-07-19 13:27:05.927787,26.30581711337807,83.98195781267994,92.37516181273813,62.39674903198363,highway,highway_traj_4
2025-07-19 13:25:46.218072,26.306086119267782,83.98243028918623,65.05306519938065,61.67489170320118,highway,highway_traj_4
2025-07-19 13:25:45.682850,26.306300947597315,83.98283262837901,63.42272472231163,61.1928660149548,highway,highway_traj_4
2025-07-19 13:27:29.457376,26.3064420142647,83.98326734165138,94.29322107105662,61.19282374436756,highway,highway_traj_4
2025-07-19 13:26:40.352155,26.306680316454205,83.98370547196099,87.47488771399688,61.192781472984734,highway,highway_traj_4
2025-07-19 13:27:22.770040,26.306821848204592,83.98406116461253,70.36710887700488,61.19273920042633,highway,highway_traj_4
2025-07-19 13:26:10.678618,26.307052557011495,83.98449556955256,76.81561417171197,61.19269692859223,highway,highway_traj_4
2025-07-19 13:27:39.923789,26.307271290802095,83.9849653617287,66.36100734679695,61.32716782529542,highway,highway_traj_4
2025-07-19 13:26:28.594220,26.30748598410518,83.98530638307875,77.79512836300529,61.424948767038416,highway,highway_traj_4
2025-07-19 13:27:28.786635,26.307683877446394,83.98578442710136,91.01188123562588,61.424907038289575,highway,highway_traj_4
2025-07-19 13:27:45.023061,26.307894953669862,83.98609224451685,63.598542121744664,61.42486530799033,highway,highway_traj_4
2025-07-19 13:26:18.835067,26.308051151432544,83.9864909056168,78.43053024817533,61.42482357766437,highway,highway_traj_4
2025-07-19 13:27:06.540178,26.30822232985254,83.9869963067519,86.56928697330758,61.42478184654988,highway,highway_traj_4
2025-07-19 13:27:48.328527,26.308491039602256,83.98735974238872,85.15869072430296,61.760551885462974,highway,highway_traj_4
2025-07-19 13:26:43.226249,26.30870696455026,83.98773799811033,65.4771927034301,62.166807935177985,highway,highway_traj_4
2025-07-19 13:27:30.605546,26.308937957425968,83.9881552833759,89.21246829815506,62.16676793604688,highway,highway_traj_4
2025-07-19 13:28:08.947496,26.309148164399353,83.9885598378908,77.43952724929683,62.16672794003364,highway,highway_traj_4
2025-07-19 13:28:01.265247,26.309324001996668,83.9890702468181,69.41218378319613,62.16668794210193,highway,highway_traj_4
2025-07-19 13:27:53.870385,26.309480395980174,83.98951103109651,87.76740874443689,62.17055582100926,highway,highway_traj_4
2025-07-19 13:26:32.062406,26.30961695993381,83.98993762157606,94.99136655648987,63.200505192930336,highway,highway_traj_4
2025-07-19 13:28:27.989104,26.309851927260674,83.99023250380182,74.25501959638669,63.20046760262858,highway,highway_traj_4
2025-07-19 13:28:33.658161,26.309979172644493,83.99067037104956,86.18125540556868,63.20043000963125,highway,highway_traj_4
2025-07-19 13:27:27.051208,26.31018862784205,83.99117092084681,74.42213331981566,67.41984995005299,highway,highway_traj_4
2025-07-19 13:26:55.029642,26.31033119755097,83.9914664733863,64.60947983372562,67.83239806399064,highway,highway_traj_4
2025-07-19 13:27:17.433293,26.310511429904853,83.99192686229925,89.0300642539712,69.13226596933282,highway,highway_traj_4
2025-07-19 13:27:46.264298,26.310729267774086,83.99237252385326,77.18594039748166,70.17935460958142,highway,highway_traj_4
2025-07-19 13:29:19.769997,26.310780742068324,83.99286652922922,86.7089323860594,70.17933240006334,highway,highway_traj_4
2025-07-19 13:27:55.629825,26.311048896390883,83.99328743725876,78.90887202976275,70.17931019139598,highway,highway_traj_4
2025-07-19 13:27:39.775376,26.311157605214326,83.99365238179698,67.62652098935466,70.17928798096568,highway,highway_traj_4
2025-07-19 13:26:54.536751,26.31130743263896,83.99421112257147,88.28935226124379,69.43517559350437,highway,highway_traj_4
2025-07-19 13:29:25.261650,26.311397937716514,83.99465215731854,96.79650720655681,69.31278843840659,highway,highway_traj_4
2025-07-19 13:29:26.508881,26.311481869866235,83.99498707486183,65.1430621325342,69.31276444191406,highway,highway_traj_4
2025-07-19 13:27:14.267595,26.311743698473943,83.99549478983651,92.12582172573946,69.31274044401351,highway,highway_traj_4
2025-07-19 13:26:55.255682,26.3118263379313,83.99591765382698,84.76551775343022,68.95002664966182,highway,highway_traj_4
2025-07-19 13:26:50.437122,26.312049096904524,83.99634176538018,93.28881247972713,68.37977421195939,highway,highway_traj_4
2025-07-19 13:26:43.605901,26.312154160817453,83.99682138535341,67.5315524453095,68.37974824155748,highway,highway_traj_4
2025-07-19 13:30:09.599034,26.31225196472512,83.99725465331906,97.55775987821815,68.37972227078762,highway,highway_traj_4
2025-07-19 13:27:57.004524,26.312517683971883,83.99757125387086,74.2361596854328,68.37969630087127,highway,highway_traj_4
2025-07-19 13:28:36.115174,26.312565286726162,83.99797821084708,64.90979860687514,67.89336369096418,highway,highway_traj_4
2025-07-19 13:29:30.448890,26.312786670498287,83.99852148336032,87.03219537647243,67.5973601790339,highway,highway_traj_4
2025-07-19 13:27:01.811009,26.312885167298763,83.99887606077682,88.51585931465854,67.59733251774082,highway,highway_traj_4
2025-07-19 13:30:36.496937,26.31309796225529,83.99933758741945,70.72825918242295,67.59730485932278,highway,highway_traj_4
2025-07-19 13:28:16.022097,26.3132360970557,83.9998249975576,95.41869161224209,67.59727719704455,highway,highway_traj_4
2025-07-19 13:27:01.592273,26.313351802154074,84.00018965302657,76.1209608961068,66.92709091605411,highway,highway_traj_4
2025-07-19 13:27:33.055429,26.313543923783744,84.00069409668782,72.44318720076171,66.02888220751623,highway,highway_traj_4
2025-07-19 13:28:01.320592,26.31370363671505,84.00111936357791,96.23923639715753,66.02885107925778,highway,highway_traj_4
2025-07-19 13:30:28.551547,26.31388501456171,84.00146999310802,75.16725316677385,66.02881994851805,highway,highway_traj_4
2025-07-19 13:31:01.191424,26.31401677579324,84.00191764376083,89.73050665252617,66.02878881813893,highway,highway_traj_4
2025-07-19 13:28:11.759236,26.314208597620652,84.00231800596227,92.11070638972663,65.67302082418968,highway,highway_traj_4
2025-07-19 13:27:40.701884,26.314351039489193,84.00269012999895,90.71606741203814,65.05317972057082,highway,highway_traj_4
2025-07-19 13:28:36.478146,26.31464136600139,84.00318650072653,64.04252282734923,65.0531463852522,highway,highway_traj_4
2025-07-19 13:30:56.137002,26.314699839107597,84.00364933557299,75.59315445843777,65.05311304806128,highway,highway_traj_4
2025-07-19 13:27:44.077020,26.314940533381613,84.00400539312086,64.41595878457106,65.05307971176575,highway,highway_traj_4
2025-07-19 13:28:30.306849,26.315053034103354,84.00443583709198,64.41407039520736,65.05445985941822,highway,highway_traj_4
2025-07-19 13:28:54.066470,26.31525701699544,84.00491278994761,69.19272779165573,65.05839169163613,highway,highway_traj_4
2025-07-19 13:30:01.023036,26.31541083451757,84.00521127337629,61.36792484489429,65.05835836552484,highway,highway_traj_4
2025-07-19 13:31:05.009558,26.315603646925098,84.00574904705368,74.88058273905591,65.0583250391229,highway,highway_traj_4
2025-07-19 13:29:27.723573,26.31585084942007,84.00613602945735,68.97661117104539,65.0582917144074,highway,highway_traj_4
2025-07-19 13:27:40.594528,26.316070661690834,84.00658329430776,70.5713341285412,65.0582583878197,highway,highway_traj_4
2025-07-19 13:28:35.475935,26.316210855654944,84.00692355723747,61.151869799771255,65.87647582283398,highway,highway_traj_4
2025-07-19 13:28:28.588987,26.31638956987771,84.00746659486927,83.24924564920067,66.36101673218639,highway,highway_traj_4
2025-07-19 13:31:44.046533,26.316580370082175,84.00775231392491,82.10815119294266,66.3609863412471,highway,highway_traj_4
2025-07-19 13:27:42.507009,26.316653653220786,84.00818855939917,92.2760762032872,66.3609559515566,highway,highway_traj_4
2025-07-19 13:29:08.615628,26.316838152888938,84.00872329643107,67.87900145131832,66.12477016452038,highway,highway_traj_4
2025-07-19 13:32:06.192152,26.31698435831168,84.00911390495588,79.98245100323712,65.96039795670424,highway,highway_traj_4
2025-07-19 13:30:13.178638,26.317213363478487,84.00959655115105,63.794756503495705,65.96036666848045,highway,highway_traj_4
2025-07-19 13:31:22.973975,26.31742034767211,84.00989957705903,81.51393196318034,65.9603353811886,highway,highway_traj_4
2025-07-19 13:32:07.184767,26.317544981760296,84.01031021796913,97.69218802700911,65.96030409283497,highway,highway_traj_4
2025-07-19 13:32:52.806497,26.317717223709117,84.01087493283683,82.95141835970233,67.20476472076592,highway,highway_traj_4
2025-07-19 13:27:59.904124,26.317878116065014,84.01117949095122,75.09851169494227,67.52387611875952,highway,highway_traj_4
2025-07-19 13:29:37.803301,26.317947744714445,84.01168243190718,83.57690072951327,67.52384829257642,highway,highway_traj_4
2025-07-19 13:30:35.158432,26.318174542545158,84.01202214568788,99.4765292827741,67.52382046912828,highway,highway_traj_4
2025-07-19 13:31:16.221372,26.3182716061701,84.01253110635578,65.98517444735683,67.52379264276738,highway,highway_traj_4
2025-07-19 13:30:26.364957,26.318455872188597,84.01295797759265,71.80616001576186,67.38406179975686,highway,highway_traj_4
2025-07-19 13:33:20.721765,26.318638934481186,84.01342496699522,76.21909906086162,67.2977003182894,highway,highway_traj_4
2025-07-19 13:31:50.427524,26.318775986310897,84.01385184061886,78.55737545551378,67.29767199739632,highway,highway_traj_4
2025-07-19 13:31:18.412256,26.319035163810153,84.01431138847433,82.12369962101894,67.29764367708259,highway,highway_traj_4
2025-07-19 13:32:43.544456,26.31920688684399,84.01470714836978,91.68134081883413,67.29761535573431,highway,highway_traj_4
2025-07-19 13:28:56.708857,26.319295061111593,84.0150868626788,86.02431241795452,66.75741185252696,highway,highway_traj_4
2025-07-19 13:30:16.908286,26.31943689147228,84.01553195055902,74.89349993434756,66.45298885266908,highway,highway_traj_4
2025-07-19 13:29:19.052557,26.31970163292662,84.0158776020755,85.86318678765785,66.45295866562583,highway,highway_traj_4
2025-07-19 13:31:57.849239,26.319739382481163,84.0164296507214,62.32815888843028,66.45292847592901,highway,highway_traj_4
2025-07-19 13:29:41.642256,26.319993718604035,84.01675801196946,65.82826255409833,66.45289828758382,highway,highway_traj_4
2025-07-19 13:29:40.706263,26.3201588625726,84.01721327979173,77.89809622043713,66.46975893112409,highway,highway_traj_4
2025-07-19 13:31:24.320130,26.320302317327037,84.01771954844193,80.99451543713946,67.8570074993338,highway,highway_traj_4
2025-07-19 13:28:25.754528,26.320395882890573,84.01800413780974,84.77725149608959,77.75130399059799,highway,highway_traj_4
2025-07-19 13:28:27.860392,26.32049283231375,84.01845223823628,77.67465344514993,102.68372676104275,highway,highway_traj_4
2025-07-19 13:29:23.700948,26.3204651443115,84.01900690143228,87.90097707597306,112.65832309596095,highway,highway_traj_4
2025-07-19 13:32:21.782236,26.320306216710694,84.01934753907555,84.43875674843557,114.65177718655332,highway,highway_traj_4
2025-07-19 13:29:59.304818,26.320116629025677,84.01988416074022,60.11473877795212,118.75936788242893,highway,highway_traj_4
2025-07-19 13:32:14.773456,26.31992736331411,84.02018409410753,86.20778720951512,118.75932570294037,highway,highway_traj_4
2025-07-19 13:34:30.646244,26.31969667513724,84.02069849771789,71.6583452628813,119.52894955758819,highway,highway_traj_4
2025-07-19 13:31:04.029090,26.31946137161447,84.02109503826654,80.95750305503527,121.26820306501236,highway,highway_traj_4
2025-07-19 13:33:19.419600,26.319313822349756,84.02139681722653,76.12069432798461,123.65140834672428,highway,highway_traj_4
2025-07-19 13:32:34.302292,26.319098559246623,84.02193213787943,76.14579098802913,124.57089522671743,highway,highway_traj_4
2025-07-19 13:30:02.525030,26.318766942325393,84.02226807179662,98.98893921085745,110.57780400376532,highway,highway_traj_4
2025-07-19 13:34:08.365372,26.31870046036646,84.02267673336745,65.46341209479955,96.66383116138383,highway,highway_traj_4
2025-07-19 13:30:26.267935,26.318638363739588,84.02316097177989,81.3253749454962,96.796001050776,highway,highway_traj_4
2025-07-19 13:29:34.837151,26.318576850889677,84.02354289897696,94.54963623203582,106.57417202530007,highway,highway_traj_4
2025-07-19 13:29:55.518719,26.318407952350988,84.02404029524175,72.40096348560965,115.36573601924039,highway,highway_traj_4
2025-07-19 13:32:37.766154,26.318296141886112,84.0244138353737,67.88481785438026,117.55952240749264,highway,highway_traj_4
2025-07-19 13:30:11.161649,26.318108213677927,84.02489343092587,87.23289426204211,121.30005838724281,highway,highway_traj_4
2025-07-19 13:33:32.198124,26.317789814572578,84.02529478039703,80.19786293312856,121.3000102670535,highway,highway_traj_4
2025-07-19 13:32:48.430912,26.31768844283714,84.02561309621422,62.289172104976835,125.58566321640069,highway,highway_traj_4
2025-07-19 13:29:38.162258,26.31733638923669,84.02602260957802,82.71613403734719,125.94607177686294,highway,highway_traj_4
2025-07-19 13:31:28.418651,26.317146416726057,84.02644494949972,71.30110574115758,129.28672840774084,highway,highway_traj_4
2025-07-19 13:32:08.818103,26.31693332052334,84.02672864991955,72.25503651344212,131.29420145749918,highway,highway_traj_4
2025-07-19 13:30:25.290246,26.31653335885934,84.02722219800387,69.61576386558465,132.96520244206351,highway,highway_traj_4
2025-07-19 13:36:12.016405,26.316281061898078,84.02754731821159,92.1648059656158,137.14636746938027,highway,highway_traj_4
2025-07-19 13:35:24.542227,26.315978212647465,84.02777208064576,97.54152689236503,140.5229420627395,highway,highway_traj_4
2025-07-19 13:31:37.866018,26.315669182338127,84.02819280012797,89.61095835424229,140.52286021657142,highway,highway_traj_4
2025-07-19 13:30:53.089469,26.315327500098025,84.0284421229,98.25117444877034,141.65831583891577,highway,highway_traj_4
2025-07-19 13:29:30.548019,26.314929639484603,84.02882380279641,66.6838703901812,156.84786402238683,highway,highway_traj_4
2025-07-19 13:33:14.002324,26.314571257167955,84.02892262547992,74.53401746863798,166.08420144071306,highway,highway_traj_4
2025-07-19 13:31:55.368228,26.314116556450635,84.02915203729881,81.85673721077093,166.08420144071306,highway,highway_traj_4
2025-07-19 13:24:22.165104,26.299227234573262,83.96743321426004,68.47525423563656,55.09176166813961,highway,highway_traj_5
2025-07-19 13:24:26.403184,26.299520121849824,83.96777144177511,77.82796027263291,55.09170533122398,highway,highway_traj_5
2025-07-19 13:24:29.982660,26.299750554096555,83.9682415689027,60.954790797407604,55.091648992258,highway,highway_traj_5
2025-07-19 13:24:36.690570,26.299975609700525,83.96864086254733,75.15295361856653,60.24730651801656,highway,highway_traj_5
2025-07-19 13:24:35.613399,26.300157039588004,83.96907567990874,92.67310867523148,61.2542846280445,highway,highway_traj_5
2025-07-19 13:24:33.945393,26.30034857199368,83.96949681530566,60.73769874001413,61.254242508340724,highway,highway_traj_5
2025-07-19 13:24:42.942396,26.300614177389747,83.96991044573362,89.06591609825766,61.254200392555674,highway,highway_traj_5
2025-07-19 13:24:45.764342,26.30080800685226,83.9702792994985,77.10392047813474,63.36196640425783,highway,highway_traj_5
2025-07-19 13:24:43.028041,26.30094918748585,83.97062346282915,93.8536918480151,63.508359985350864,highway,highway_traj_5
2025-07-19 13:24:52.096039,26.301231660534942,83.97108855583198,69.070203277184,63.50832311828378,highway,highway_traj_5
2025-07-19 13:25:00.491520,26.301344174823658,83.97145798780572,85.24717964143551,63.50828625165576,highway,highway_traj_5
2025-07-19 13:25:17.129144,26.301505084061688,83.97197493133469,60.28892447874951,64.5679942553117,highway,highway_traj_5
2025-07-19 13:25:18.330112,26.30180454038117,83.97225747081163,83.40975048562815,64.74712867555706,highway,highway_traj_5
2025-07-19 13:25:26.862707,26.301860890652424,83.9728018979187,97.40960454247637,64.74709465756337,highway,highway_traj_5
2025-07-19 13:24:56.522399,26.3021468616207,83.9730989422434,67.66930584513301,64.74706063931342,highway,highway_traj_5
2025-07-19 13:25:17.100822,26.302258906820047,83.97365205066222,78.53608899671866,64.74702661883617,highway,highway_traj_5
2025-07-19 13:25:34.095743,26.30249355933313,83.9739434725832,83.43302351335757,64.48855772311083,highway,highway_traj_5
2025-07-19 13:25:15.257295,26.302682177199834,83.97437337671722,97.34713985055726,64.42411910193687,highway,highway_traj_5
2025-07-19 13:25:02.832519,26.30280709490451,83.97493687934326,83.70073900927989,64.42408434210529,highway,highway_traj_5
2025-07-19 13:25:29.370792,26.303019266698808,83.9753434091501,84.15325078357515,64.42404958386356,highway,highway_traj_5
2025-07-19 13:25:47.934612,26.303205283176727,83.97567604148384,90.53655888190197,64.44288016665104,highway,highway_traj_5
2025-07-19 13:25:25.975531,26.303329174009527,83.97619630788785,84.58838675408917,64.98603211133349,highway,highway_traj_5
2025-07-19 13:26:05.080088,26.303487922780487,83.97654514706359,95.90086372608945,64.98599863698473,highway,highway_traj_5
2025-07-19 13:25:42.293283,26.303761255160218,83.97696466191205,91.49216198900791,64.98596516160478,highway,highway_traj_5
2025-07-19 13:25:24.864424,26.30387487488307,83.97746155102166,90.35594718435033,64.98593168553703,highway,highway_traj_5
2025-07-19 13:26:22.583404,26.30407984382963,83.97776792396661,68.88427832445885,64.98589820878146,highway,highway_traj_5
2025-07-19 13:25:14.409370,26.304316666008436,83.97831696654318,78.23724080637233,65.08355338440231,highway,highway_traj_5
2025-07-19 13:25:55.000625,26.30440536645734,83.97874133382463,72.87800685430621,65.18839951767097,highway,highway_traj_5
2025-07-19 13:25:55.638965,26.30461165789068,83.9791078730493,91.16466408861962,65.18836650225307,highway,highway_traj_5
2025-07-19 13:25:53.293957,26.30484506000473,83.97950911441689,63.757687236031146,65.18833348468655,highway,highway_traj_5
2025-07-19 13:26:16.096756,26.30501971604185,83.97990648723307,69.56516748050129,65.18830046869522,highway,highway_traj_5
2025-07-19 13:26:11.295798,26.305121467505927,83.98036836222465,84.30539051404554,65.18826745055532,highway,highway_traj_5
2025-07-19 13:25:53.211164,26.305362116915056,83.980779830832,89.36139146892256,64.00839538517096,highway,highway_traj_5
2025-07-19 13:27:02.552913,26.30548612374393,83.98114144599256,66.70303038528922,62.39682794267185,highway,highway_traj_5
2025-07-19 13:26:19.867967,26.305655836898968,83.98154108460206,96.08686948870387,62.39678848770757,highway,highway_traj_5
2025-07-19 13:26:16.258544,26.30590004083051,83.98200427770155,93.8691888888857,62.39674903198363,highway,highway_traj_5
2025-07-19 13:26:00.053582,26.30611163723768,83.98250777776495,70.05525842526914,61.67489170320118,highway,highway_traj_5
2025-07-19 13:26:06.276439,26.30621246669973,83.982818907096,97.72691044648477,61.1928660149548,highway,highway_traj_5
2025-07-19 13:26:43.312745,26.30653716721316,83.98324086599412,96.40980273180674,61.19282374436756,highway,highway_traj_5
2025-07-19 13:26:25.948697,26.306630071149527,83.98363871565358,83.50861092475759,61.192781472984734,highway,highway_traj_5
2025-07-19 13:26:52.725462,26.306937129882837,83.98400664607686,94.64665151978528,61.19273920042633,highway,highway_traj_5
2025-07-19 13:26:25.978912,26.30712897059226,83.984487226304,60.81765038586501,61.19269692859223,highway,highway_traj_5
2025-07-19 13:26:10.616045,26.307294525054225,83.98493618722388,69.7646025530828,61.32716782529542,highway,highway_traj_5
2025-07-19 13:26:52.185326,26.307476464059665,83.98532338520194,80.47080816298136,61.424948767038416,highway,highway_traj_5
2025-07-19 13:26:54.070961,26.30771153819889,83.98578220617698,73.8495063401077,61.424907038289575,highway,highway_traj_5
2025-07-19 13:27:01.448131,26.307940724264142,83.98610621838327,72.567441916487,61.42486530799033,highway,highway_traj_5
2025-07-19 13:27:47.037334,26.308090376331368,83.98658959918959,83.64169721797559,61.42482357766437,highway,highway_traj_5
2025-07-19 13:25:56.777744,26.3083575326414,83.98692931490888,87.63804847132977,61.42478184654988,highway,highway_traj_5
2025-07-19 13:27:46.744959,26.308481040705043,83.98731944039857,74.58945780739644,61.760551885462974,highway,highway_traj_5
2025-07-19 13:26:45.498318,26.308614756318214,83.98786485112342,61.290396968740936,62.166807935177985,highway,highway_traj_5
2025-07-19 13:27:19.013287,26.308845458401628,83.98814377061777,75.64373432247956,62.16676793604688,highway,highway_traj_5
2025-07-19 13:26:26.506690,26.30908712480044,83.98854448363531,80.01116166305675,62.16672794003364,highway,highway_traj_5
2025-07-19 13:27:58.061914,26.309321626641314,83.98903133996478,79.49356486656839,62.16668794210193,highway,highway_traj_5
2025-07-19 13:28:24.679317,26.309502273553278,83.98937420280662,60.799668826640286,62.17055582100926,highway,highway_traj_5
2025-07-19 13:28:18.277649,26.309653672125247,83.98988044861842,83.39323350490726,63.200505192930336,highway,highway_traj_5
2025-07-19 13:28:37.838678,26.30983302289806,83.99023925492432,75.83932917289566,63.20046760262858,highway,highway_traj_5
2025-07-19 13:27:04.096715,26.309984108776597,83.99065190123652,71.18764529764414,63.20043000963125,highway,highway_traj_5
2025-07-19 13:28:14.570595,26.310303433997024,83.99118280350973,76.83495904190279,67.41984995005299,highway,highway_traj_5
2025-07-19 13:27:20.502944,26.310443844755316,83.99158022512496,74.49874964071934,67.83239806399064,highway,highway_traj_5
2025-07-19 13:26:29.035512,26.310611360422957,83.99198050341516,86.85052701937794,69.13226596933282,highway,highway_traj_5
2025-07-19 13:28:46.855135,26.31067826223469,83.99247023838019,71.04600714628974,70.17935460958142,highway,highway_traj_5
2025-07-19 13:27:52.395933,26.31089486783724,83.9928193930857,98.32172911871156,70.17933240006334,highway,highway_traj_5
2025-07-19 13:28:46.148511,26.311011511099515,83.99322971517694,95.86514845647392,70.17931019139598,highway,highway_traj_5
2025-07-19 13:28:50.980140,26.31111614024835,83.99373473927545,78.46231074979886,70.17928798096568,highway,highway_traj_5
2025-07-19 13:28:43.706633,26.31132091911117,83.99412745809384,78.92854407587876,69.43517559350437,highway,highway_traj_5
2025-07-19 13:28:00.569033,26.31147609363268,83.99454531552794,86.81262681787454,69.31278843840659,highway,highway_traj_5
2025-07-19 13:26:40.402817,26.31158422724646,83.9949672878021,68.13898791235358,69.31276444191406,highway,highway_traj_5
2025-07-19 13:27:14.264273,26.31168739379914,83.99550613217261,60.70565988480363,69.31274044401351,highway,highway_traj_5
2025-07-19 13:27:08.970096,26.311884871726026,83.9958723426406,83.28689577764277,68.95002664966182,highway,highway_traj_5
2025-07-19 13:29:48.325375,26.311999962803355,83.99633537938763,81.37065013964995,68.37977421195939,highway,highway_traj_5
2025-07-19 13:29:01.401052,26.312081480221458,83.99678829615704,61.317657616420966,68.37974824155748,highway,highway_traj_5
2025-07-19 13:29:10.836823,26.31226986566197,83.9972250743322,98.48695643497499,68.37972227078762,highway,highway_traj_5
2025-07-19 13:29:45.342938,26.31244278752742,83.99765109777024,93.88093056667921,68.37969630087127,highway,highway_traj_5
2025-07-19 13:27:01.545731,26.31262414044333,83.9980403970119,92.74759135681458,67.89336369096418,highway,highway_traj_5
2025-07-19 13:27:18.129657,26.312715895449465,83.99850255811667,80.39595858404878,67.5973601790339,highway,highway_traj_5
2025-07-19 13:27:04.966328,26.312879668799408,83.9989159321848,63.55880852980805,67.59733251774082,highway,highway_traj_5
2025-07-19 13:28:49.253244,26.3131450491163,83.99929419009237,93.50706350744439,67.59730485932278,highway,highway_traj_5
2025-07-19 13:29:16.423117,26.313186256036143,83.99978128397008,88.2592421606779,67.59727719704455,highway,highway_traj_5
2025-07-19 13:30:41.785402,26.313365187324884,84.0002580534872,79.77025831653492,66.92709091605411,highway,highway_traj_5
2025-07-19 13:28:53.874519,26.31357180930604,84.00061277449618,81.87184508870045,66.02888220751623,highway,highway_traj_5
2025-07-19 13:28:17.145214,26.31380151785364,84.00100354133198,67.4807703889679,66.02885107925778,highway,highway_traj_5
2025-07-19 13:28:28.790509,26.313920726247986,84.0015425444264,98.63640530531777,66.02881994851805,highway,highway_traj_5
2025-07-19 13:28:26.770321,26.314034774675395,84.00190779446335,67.99437569965747,66.02878881813893,highway,highway_traj_5
2025-07-19 13:29:20.225963,26.3142238819081,84.00238799399433,80.20146128683832,65.67302082418968,highway,highway_traj_5
2025-07-19 13:27:23.110774,26.314376940388804,84.00270053681425,92.6780562108456,65.05317972057082,highway,highway_traj_5
2025-07-19 13:27:17.208735,26.3145623781204,84.00322751723878,96.42245544033037,65.0531463852522,highway,highway_traj_5
2025-07-19 13:27:29.770727,26.314695970735986,84.0035446546927,66.35244867456127,65.05311304806128,highway,highway_traj_5
2025-07-19 13:29:17.183130,26.31495284916653,84.00396187890814,82.39864471123325,65.05307971176575,highway,highway_traj_5
2025-07-19 13:30:04.970573,26.31505418730357,84.00449444885423,86.81793744570655,65.05445985941822,highway,highway_traj_5
2025-07-19 13:30:27.469642,26.31528505394552,84.00484779364326,88.23613751884,65.05839169163613,highway,highway_traj_5
2025-07-19 13:31:21.826376,26.31550213562187,84.00520175358241,76.54023252333994,65.05835836552484,highway,highway_traj_5
2025-07-19 13:27:44.777990,26.315619761443248,84.00562603462815,81.2020964323113,65.0583250391229,highway,highway_traj_5
2025-07-19 13:27:38.012181,26.31580513843093,84.00613721143178,73.83896010367764,65.0582917144074,highway,highway_traj_5
2025-07-19 13:31:48.546874,26.31603859068749,84.00656503674247,62.69585029787913,65.0582583878197,highway,highway_traj_5
2025-07-19 13:30:21.926521,26.316240864147467,84.00697804915067,90.38201978300876,65.87647582283398,highway,highway_traj_5
2025-07-19 13:32:15.747773,26.316376440280354,84.00741275213663,83.21372465864854,66.36101673218639,highway,highway_traj_5
2025-07-19 13:30:00.968942,26.3164582025391,84.00781751624352,98.04802522224898,66.3609863412471,highway,highway_traj_5
2025-07-19 13:28:55.900445,26.316638278626893,84.00820807959471,78.70932367587446,66.3609559515566,highway,highway_traj_5
2025-07-19 13:28:48.482212,26.316778052538087,84.00868031046727,99.18322018423113,66.12477016452038,highway,highway_traj_5
2025-07-19 13:32:00.777268,26.31697563190198,84.00917345909957,63.16879890223478,65.96039795670424,highway,highway_traj_5
2025-07-19 13:27:44.141283,26.317217705896436,84.00952449304356,88.04532141040325,65.96036666848045,highway,highway_traj_5
2025-07-19 13:28:57.561289,26.317332548559605,84.0099014584035,98.55781595070175,65.9603353811886,highway,highway_traj_5
2025-07-19 13:28:50.306052,26.317522681595296,84.01038311398045,85.95505292126234,65.96030409283497,highway,highway_traj_5
2025-07-19 13:29:20.343389,26.317769924799062,84.01088201345136,65.88848967916482,67.20476472076592,highway,highway_traj_5
2025-07-19 13:28:24.165993,26.317855916301085,84.01122645425517,92.09778005189183,67.52387611875952,highway,highway_traj_5
2025-07-19 13:29:00.247330,26.318053279571973,84.01172776801265,75.09095210832619,67.52384829257642,highway,highway_traj_5
2025-07-19 13:32:27.515567,26.318186425560793,84.01208680173814,97.51093582257069,67.52382046912828,highway,highway_traj_5
2025-07-19 13:30:36.569174,26.31840024692338,84.01245626515069,69.07228105401715,67.52379264276738,highway,highway_traj_5
2025-07-19 13:31:44.899540,26.318489591575535,84.01301037156772,60.54465889115024,67.38406179975686,highway,highway_traj_5
2025-07-19 13:28:22.305143,26.318638041913275,84.01332098854431,78.7654950142404,67.2977003182894,highway,highway_traj_5
2025-07-19 13:31:27.077471,26.318781248272472,84.0138058917584,85.47847947442051,67.29767199739632,highway,highway_traj_5
2025-07-19 13:28:42.872593,26.31903785857735,84.01415995514013,76.40860719516758,67.29764367708259,highway,highway_traj_5
2025-07-19 13:31:00.303450,26.31916773309184,84.0146132095812,84.83073857730079,67.29761535573431,highway,highway_traj_5
2025-07-19 13:29:26.391465,26.31923678956705,84.01512180550334,65.25731780003544,66.75741185252696,highway,highway_traj_5
2025-07-19 13:32:19.781045,26.319500478080247,84.01551683257094,71.55031870224354,66.45298885266908,highway,highway_traj_5
2025-07-19 13:28:34.437007,26.319596033152283,84.01590516440031,81.72134578157615,66.45295866562583,highway,highway_traj_5
2025-07-19 13:33:57.758432,26.319751485471265,84.01642401988803,85.4343616888578,66.45292847592901,highway,highway_traj_5
2025-07-19 13:32:48.937320,26.320017396507996,84.01683759285919,89.49837396935415,66.45289828758382,highway,highway_traj_5
2025-07-19 13:33:54.937729,26.320186846923406,84.01723297273205,87.72295441249355,66.46975893112409,highway,highway_traj_5
2025-07-19 13:34:07.271101,26.32035007380379,84.01763211608701,86.7464976145982,67.8570074993338,highway,highway_traj_5
2025-07-19 13:32:37.830660,26.320488383013476,84.01806585736047,75.18502125907506,77.75130399059799,highway,highway_traj_5
2025-07-19 13:28:58.290572,26.320583866349136,84.01859430020225,67.04579070888856,102.68372676104275,highway,highway_traj_5
2025-07-19 13:32:53.990001,26.320446150332582,84.01890553984151,89.54740062667113,112.65832309596095,highway,highway_traj_5
2025-07-19 13:29:58.062920,26.320259938779135,84.01933621358492,75.94226853947073,114.65177718655332,highway,highway_traj_5
2025-07-19 13:33:20.757846,26.320187177008794,84.01990277933497,96.01210973942915,118.75936788242893,highway,highway_traj_5
2025-07-19 13:33:56.548206,26.319941993412453,84.02027374403397,97.59063683530854,118.75932570294037,highway,highway_traj_5
2025-07-19 13:30:37.605804,26.31977197248646,84.02067664578854,69.09971802728715,119.52894955758819,highway,highway_traj_5
2025-07-19 13:32:27.941312,26.319490018981963,84.02112685725609,78.77850462985809,121.26820306501236,highway,highway_traj_5
2025-07-19 13:29:39.211726,26.31923061321033,84.02143791758184,60.109476592814424,123.65140834672428,highway,highway_traj_5
2025-07-19 13:33:23.562564,26.319037377484833,84.02182822162132,60.51222797635653,124.57089522671743,highway,highway_traj_5
2025-07-19 13:30:17.280115,26.31878913489125,84.02223675236662,95.94878793587574,110.57780400376532,highway,highway_traj_5
2025-07-19 13:33:43.258351,26.318595567327407,84.02272512669474,80.15030154437994,96.66383116138383,highway,highway_traj_5
2025-07-19 13:32:53.886572,26.318574449658474,84.02306294004731,81.27992004728435,96.796001050776,highway,highway_traj_5
2025-07-19 13:33:37.293910,26.31855852311011,84.02364572677881,62.0984580133877,106.57417202530007,highway,highway_traj_5
2025-07-19 13:34:49.839757,26.318402253534337,84.02397163999566,76.9513837772187,115.36573601924039,highway,highway_traj_5
2025-07-19 13:34:08.938628,26.31822477464392,84.0243963475597,64.37432828323593,117.55952240749264,highway,highway_traj_5
2025-07-19 13:30:36.482325,26.31811634185231,84.02480348323384,60.83489611985037,121.30005838724281,highway,highway_traj_5
2025-07-19 13:33:15.698172,26.317798105275255,84.02531094032659,93.14639100621787,121.3000102670535,highway,highway_traj_5
2025-07-19 13:30:06.055961,26.317637606058057,84.02560139737409,75.70909427330824,125.58566321640069,highway,highway_traj_5
2025-07-19 13:35:31.016758,26.317324050184006,84.02606373067917,81.40490564877211,125.94607177686294,highway,highway_traj_5
2025-07-19 13:32:32.611357,26.317141415289807,84.02641604402078,67.97730932208039,129.28672840774084,highway,highway_traj_5
2025-07-19 13:36:05.320334,26.316873400190286,84.02677090846966,94.76219594070665,131.29420145749918,highway,highway_traj_5
2025-07-19 13:33:07.026871,26.316568663358947,84.02712004900246,77.5242624153488,132.96520244206351,highway,highway_traj_5
2025-07-19 13:30:59.812997,26.316354401703098,84.02746484411928,72.80674258634815,137.14636746938027,highway,highway_traj_5
2025-07-19 13:35:08.972121,26.315950369450153,84.02783261028517,77.3642680590682,140.5229420627395,highway,highway_traj_5
2025-07-19 13:33:04.553671,26.315645746835987,84.02808014678331,76.62758789288384,140.52286021657142,highway,highway_traj_5
2025-07-19 13:36:00.575880,26.31524335430942,84.02844264612199,74.19711939780356,141.65831583891577,highway,highway_traj_5
2025-07-19 13:30:27.348915,26.314950022079543,84.0288430566535,92.88889986320783,156.84786402238683,highway,highway_traj_5
2025-07-19 13:36:23.107364,26.31458009362451,84.02894986648812,66.7155901854812,166.08420144071306,highway,highway_traj_5
2025-07-19 13:32:10.703986,26.31417242031276,84.02903068816856,71.39380922736883,166.08420144071306,highway,highway_traj_5
2025-07-19 13:24:22.189437,26.39639835042264,83.97562997090182,25.33781316859418,31.115049312943484,service_road,service_road_traj_1
2025-07-19 13:24:25.351572,26.396496111023392,83.97569101650622,33.63894756255302,31.11496483523632,service_road,service_road_traj_1
2025-07-19 13:24:30.722021,26.39704924546466,83.97626325470337,26.840178382751315,24.808644190513405,service_road,service_road_traj_1
2025-07-19 13:24:30.220704,26.3973189001763,83.97611887986606,26.348251771970368,24.648346566176087,service_road,service_road_traj_1
2025-07-19 13:24:35.595244,26.397895037540103,83.97627444088029,27.873581859085597,52.931439208122015,service_road,service_road_traj_1
2025-07-19 13:24:42.683521,26.398042616153468,83.97676631134597,23.652295118009267,18.818616389666772,service_road,service_road_traj_1
2025-07-19 13:24:41.490593,26.39830554624135,83.97702441380862,31.288283257494,18.570267844321165,service_road,service_road_traj_1
2025-07-19 13:24:55.557127,26.39887015029071,83.97698600967553,29.60377809598157,17.040858117474727,service_road,service_road_traj_1
2025-07-19 13:24:55.006919,26.399254980110285,83.9774864994424,33.31108101512118,15.029275293409171,service_road,service_road_traj_1
2025-07-19 13:24:47.388649,26.39971986847494,83.97728835212241,36.109627458758546,3.20905322324694,service_road,service_road_traj_1
2025-07-19 13:24:54.971815,26.400087620146135,83.97754087872721,30.24613576232827,13.37865769308496,service_road,service_road_traj_1
2025-07-19 13:24:54.265054,26.400615800232643,83.97748402762515,39.07896490714166,13.37860758865321,service_road,service_road_traj_1
2025-07-19 13:24:49.908840,26.40119184308722,83.9777679098303,20.094710951706322,12.660863648333589,service_road,service_road_traj_1
2025-07-19 13:25:00.261364,26.40159130876159,83.97783338790956,34.56474305662758,81.80058549893772,service_road,service_road_traj_1
2025-07-19 13:25:09.514190,26.40152435905282,83.97803401295316,33.95226514901886,90.70043737502994,service_road,service_road_traj_1
2025-07-19 13:25:02.910354,26.401564096185957,83.97862212459776,22.337478977863455,11.83213076033394,service_road,service_road_traj_1
2025-07-19 13:25:19.098842,26.40206640788519,83.97864285793676,33.95013585382216,11.832085751889792,service_road,service_road_traj_1
2025-07-19 13:25:22.712131,26.402611219921944,83.97892594267792,34.26978556847029,330.0061820595535,service_road,service_road_traj_1
2025-07-19 13:25:23.772394,26.402568040920382,83.97863757812755,32.65142209152614,265.17452981739933,service_road,service_road_traj_1
2025-07-19 13:25:26.410808,26.402819425506078,83.9780260593225,33.07353348326422,19.093966778129584,service_road,service_road_traj_1
2025-07-19 13:25:12.326898,26.403332201069293,83.97813880641263,21.523530783046677,19.264478010583446,service_road,service_road_traj_1
2025-07-19 13:25:12.898731,26.403426817904933,83.97832497210632,27.457669289894103,19.28416644071109,service_road,service_road_traj_1
2025-07-19 13:25:09.196884,26.40387735640491,83.978491996165,30.71401814507381,19.284099560207608,service_road,service_road_traj_1
2025-07-19 13:25:46.334257,26.40427695712233,83.9789003521322,30.350038075437862,17.82636254304788,service_road,service_road_traj_1
2025-07-19 13:25:50.317700,26.404913018015552,83.97904063454229,37.90728103270081,17.60947862807302,service_road,service_road_traj_1
2025-07-19 13:25:57.371240,26.405222722687657,83.97891503260287,33.29531771964361,17.609416020508718,service_road,service_road_traj_1
2025-07-19 13:26:26.075958,26.40577071675567,83.97910991492641,27.87546842613597,17.609353414608393,service_road,service_road_traj_1
2025-07-19 13:25:18.055853,26.4061603348503,83.97957758778593,30.1155856374984,17.609290805032686,service_road,service_road_traj_1
2025-07-19 13:25:21.681731,26.406564505305024,83.97965127858382,35.77363662203865,17.609228197241123,service_road,service_road_traj_1
2025-07-19 13:25:47.894988,26.40701193769742,83.97991758542322,21.353105331434122,17.609165585533788,service_road,service_road_traj_1
2025-07-19 13:26:28.413242,26.40735027971145,83.98008083251706,33.46002349851729,17.609102975730764,service_road,service_road_traj_1
2025-07-19 13:25:42.920464,26.40793682841759,83.97993744006446,25.30881824948679,18.127733962159027,service_road,service_road_traj_1
2025-07-19 13:25:56.386823,26.408572394434245,83.98004696201974,25.561441058952873,25.257486208459284,service_road,service_road_traj_1
2025-07-19 13:26:10.090939,26.4087161101501,83.98042578206645,22.65038257952961,109.3613967090941,service_road,service_road_traj_1
2025-07-19 13:26:31.372172,26.408786456061595,83.98108905524636,31.6215371151859,109.3613750749526,service_road,service_road_traj_1
2025-07-19 13:26:28.744627,26.408547860809158,83.98122023216503,20.429694412268482,73.36674435100537,service_road,service_road_traj_1
2025-07-19 13:26:59.463336,26.408700507231888,83.9817516192756,30.486417918501125,21.93507649492352,service_road,service_road_traj_1
2025-07-19 13:27:08.647826,26.40881475031894,83.98160769469888,23.58195745017131,25.435390861699886,service_road,service_road_traj_1
2025-07-19 13:26:55.721145,26.409207931286804,83.98202924377054,27.851865612238125,19.52116737271308,service_road,service_road_traj_1
2025-07-19 13:27:06.062882,26.409717059588093,83.98225151148976,30.34898922490288,19.521099903465142,service_road,service_road_traj_1
2025-07-19 13:27:00.894271,26.410229737178717,83.98241730721759,35.01007055275228,16.309397312553813,service_road,service_road_traj_1
2025-07-19 13:26:21.588865,26.410576104457814,83.98263913694214,27.579002178035786,16.11692541090622,service_road,service_road_traj_1
2025-07-19 13:27:22.790283,26.411105706998523,83.98285027666242,20.002132503464914,16.116866932346056,service_road,service_road_traj_1
2025-07-19 13:27:18.772907,26.41173998168873,83.98284698278295,27.511170959245383,15.528947396622357,service_road,service_road_traj_1
2025-07-19 13:26:08.916330,26.412088779915138,83.982726442529,23.968894594746097,20.657111648129614,service_road,service_road_traj_1
2025-07-19 13:27:03.321796,26.412509170462524,83.98285771185172,39.083227740669656,107.50394347727217,service_road,service_road_traj_1
2025-07-19 13:26:06.011402,26.412093636327487,83.98359475073721,26.20764033515671,26.437423602034187,service_road,service_road_traj_1
2025-07-19 13:26:34.549820,26.412730096883365,83.98388701655145,39.695431817212395,24.982621954177148,service_road,service_road_traj_1
2025-07-19 13:28:08.851397,26.41288735393962,83.98392589940573,38.3969724457053,20.766636943565686,service_road,service_road_traj_1
2025-07-19 13:27:24.460898,26.413622994189748,83.98404368837569,26.427223162768563,17.739728643162266,service_road,service_road_traj_1
2025-07-19 13:27:46.482029,26.414091156236946,83.9840858529493,29.926293692272466,17.739665668808584,service_road,service_road_traj_1
2025-07-19 13:26:24.861319,26.414174678287193,83.98429625051845,32.930428366688496,34.07555437746686,service_road,service_road_traj_1
2025-07-19 13:27:46.108217,26.41451987597126,83.98485718957907,21.36453724991529,21.409933305626282,service_road,service_road_traj_1
2025-07-19 13:26:22.838803,26.415106713383036,83.98477314346026,25.586397695616363,21.409861561454136,service_road,service_road_traj_1
2025-07-19 13:28:49.596286,26.415403193361573,83.9849179383241,26.994410797775863,74.37121400988207,service_road,service_road_traj_1
2025-07-19 13:28:00.323214,26.415489355718993,83.98521081704142,39.30722298261462,110.04718298603103,service_road,service_road_traj_1
2025-07-19 13:27:28.791550,26.4157083828762,83.98606042453736,35.81775308479713,110.04715993450787,service_road,service_road_traj_1
2025-07-19 13:28:04.146948,26.41534911694105,83.98608523841166,27.81834466437924,110.0471368823379,service_road,service_road_traj_1
2025-07-19 13:26:39.525800,26.415260724527144,83.98694552835326,31.024627169472843,110.0471138307426,service_road,service_road_traj_1
2025-07-19 13:26:31.623292,26.415134513400634,83.98738934642239,39.19818442912592,110.04709077931494,service_road,service_road_traj_1
2025-07-19 13:29:02.420428,26.415014332653307,83.98777941433067,34.625614710605085,110.0470677280548,service_road,service_road_traj_1
2025-07-19 13:27:38.061046,26.414640511290976,83.98801455767021,23.64110354855339,94.73321125163204,service_road,service_road_traj_1
2025-07-19 13:26:58.773767,26.414849095326545,83.98857263326579,20.56713162043773,19.657044638989134,service_road,service_road_traj_1
2025-07-19 13:28:12.705814,26.415229420717196,83.98867210146682,20.2205594438623,17.523449936595398,service_road,service_road_traj_1
2025-07-19 13:26:41.819722,26.415476349418437,83.98876044783776,26.822254626119225,18.822189936331995,service_road,service_road_traj_1
2025-07-19 13:28:52.290455,26.416029252647927,83.98885644376126,29.496866892289773,76.30015657698232,service_road,service_road_traj_1
2025-07-19 13:27:06.769039,26.41621101575612,83.98916216557431,36.11990696930461,110.7596101762773,service_road,service_road_traj_1
2025-07-19 13:27:07.393665,26.41609364424503,83.98981382189439,20.63801471057307,109.22800175204077,service_road,service_road_traj_1
2025-07-19 13:29:50.663462,26.415681586793784,83.99021406807887,21.792780747767313,117.64580931321132,service_road,service_road_traj_1
2025-07-19 13:29:58.403290,26.415619080356542,83.99068735941913,21.721891276807312,126.23822928546178,service_road,service_road_traj_1
2025-07-19 13:27:13.899897,26.41525885811025,83.99092947084323,31.42591750594691,112.04764910977588,service_road,service_road_traj_1
2025-07-19 13:27:41.227778,26.415130661346222,83.99119278977217,21.70526687288179,112.04762177150428,service_road,service_road_traj_1
2025-07-19 13:29:01.658918,26.415016414747736,83.99203055905474,28.10660969251817,112.11398033218626,service_road,service_road_traj_1
2025-07-19 13:27:44.776427,26.415071578617376,83.99223269291547,28.129904672886543,112.35338465357415,service_road,service_road_traj_1
2025-07-19 13:29:11.255261,26.414733409921844,83.99275458153028,38.52317232736378,112.35335664141826,service_road,service_road_traj_1
2025-07-19 13:29:26.473852,26.414673337629704,83.99297305359596,37.59004586202461,112.35332862988662,service_road,service_road_traj_1
2025-07-19 13:28:52.953026,26.414564920500784,83.99339077496917,26.318471141889624,183.78498599031067,service_road,service_road_traj_1
2025-07-19 13:28:56.980126,26.41414679570421,83.99333601615909,38.60843596951143,168.0331660256503,service_road,service_road_traj_1
2025-07-19 13:27:53.595235,26.413743567570926,83.99360174643836,38.872547079055295,106.22470243058206,service_road,service_road_traj_1
2025-07-19 13:30:17.134212,26.413426135289324,83.99386542399895,30.277327406358754,99.49783952898593,service_road,service_road_traj_1
2025-07-19 13:30:38.830445,26.413630296404893,83.99435951665912,25.506911504892223,99.38309942414139,service_road,service_road_traj_1
2025-07-19 13:30:22.189403,26.41337377220521,83.99505066378347,34.18354299342075,105.2448833943738,service_road,service_road_traj_1
2025-07-19 13:30:29.131077,26.413251988955558,83.99562145932188,36.76494209657279,109.4685533160798,service_road,service_road_traj_1
2025-07-19 13:28:38.693866,26.413164819676584,83.99590589217543,37.466947452506346,106.79596969323944,service_road,service_road_traj_1
2025-07-19 13:30:59.053462,26.41299668946367,83.99636534120582,23.977187379943633,94.9967019772447,service_road,service_road_traj_1
2025-07-19 13:28:43.612183,26.412932828804205,83.99680517503462,24.496966669021184,94.99670041557471,service_road,service_road_traj_1
2025-07-19 13:31:13.867459,26.41276822153859,83.99722496453079,33.47502515842318,94.99669885550134,service_road,service_road_traj_1
2025-07-19 13:27:18.228579,26.41277688281812,83.99765739191831,35.45727813997204,94.99669729486322,service_road,service_road_traj_1
2025-07-19 13:29:21.810631,26.413075737195722,83.99835205015523,36.58952790171938,95.00557412706303,service_road,service_road_traj_1
2025-07-19 13:30:42.963675,26.412763855978213,83.99863701207079,22.261187811826233,99.95368139445247,service_road,service_road_traj_1
2025-07-19 13:30:45.256434,26.412868351371,83.99900838870379,21.7468144556935,99.953675303495,service_road,service_road_traj_1
2025-07-19 13:29:49.909471,26.412850080905006,83.99958378129894,24.362061989621413,32.739579987292814,service_road,service_road_traj_1
2025-07-19 13:31:15.768110,26.413101689824583,83.99965361127713,29.559207792059556,15.066218453298916,service_road,service_road_traj_1
2025-07-19 13:28:56.454872,26.41357043405548,84.00006875561371,24.301368636114482,31.931624405168463,service_road,service_road_traj_1
2025-07-19 13:30:42.876046,26.413981210521047,84.0001876035757,33.077442773907634,14.833264031078329,service_road,service_road_traj_1
2025-07-19 13:31:22.137873,26.41427567539652,84.00006592593272,29.494702080598962,14.833209342444434,service_road,service_road_traj_1
2025-07-19 13:32:04.794562,26.41474388034333,84.00035383947169,37.5392948928783,14.833154655067915,service_road,service_road_traj_1
2025-07-19 13:28:51.236967,26.415034807291022,84.00050853882823,23.515491380760583,14.833099967732437,service_road,service_road_traj_1
2025-07-19 13:31:48.545950,26.41550845531399,84.0007193668709,30.348188202120816,14.979643665186245,service_road,service_road_traj_1
2025-07-19 13:27:41.660561,26.416131339417635,84.00096407140686,33.83995680359754,14.979643665186245,service_road,service_road_traj_1
2025-07-19 13:24:22.210111,26.39608906262841,83.9754537403366,28.906211940917164,31.115049312943484,service_road,service_road_traj_2
2025-07-19 13:24:25.117644,26.39639116775001,83.97596516316464,32.81112206832958,31.11496483523632,service_road,service_road_traj_2
2025-07-19 13:24:30.079843,26.396872995766486,83.97590160853184,37.23875328035554,24.808644190513405,service_road,service_road_traj_2
2025-07-19 13:24:28.871828,26.397291479370814,83.97615628052871,31.787242728738363,24.648346566176087,service_road,service_road_traj_2
2025-07-19 13:24:33.280418,26.39766496193285,83.97639728119934,22.03156023545472,52.931439208122015,service_road,service_road_traj_2
2025-07-19 13:24:36.936401,26.3980249532947,83.97699813490448,32.38593901298918,18.818616389666772,service_road,service_road_traj_2
2025-07-19 13:24:40.521884,26.398616309270057,83.97676923530324,21.411409543948917,18.570267844321165,service_road,service_road_traj_2
2025-07-19 13:24:51.462829,26.398688627913607,83.97731351727467,25.25577870240243,17.040858117474727,service_road,service_road_traj_2
2025-07-19 13:25:01.835312,26.399394386001383,83.97746014732982,26.574246304892313,15.029275293409171,service_road,service_road_traj_2
2025-07-19 13:24:55.314312,26.399689022098197,83.97737436123134,38.599263864885735,3.20905322324694,service_road,service_road_traj_2
2025-07-19 13:25:04.919161,26.4003850511137,83.97734636377865,34.47027783001425,13.37865769308496,service_road,service_road_traj_2
2025-07-19 13:25:14.194890,26.400601893447394,83.97746288566172,22.692440714391097,13.37860758865321,service_road,service_road_traj_2
2025-07-19 13:25:15.701013,26.40093818163801,83.97756973102526,38.469764043793646,12.660863648333589,service_road,service_road_traj_2
2025-07-19 13:25:09.845952,26.401484299787178,83.97798224924765,22.881527383515326,81.80058549893772,service_road,service_road_traj_2
2025-07-19 13:25:15.988435,26.401539532474597,83.97803355788966,21.520363101804957,90.70043737502994,service_road,service_road_traj_2
2025-07-19 13:25:26.902840,26.401455554631738,83.97833961431843,22.949616050458822,11.83213076033394,service_road,service_road_traj_2
2025-07-19 13:25:16.382252,26.402100996404855,83.9784991773535,39.37420103007547,11.832085751889792,service_road,service_road_traj_2
2025-07-19 13:25:01.798877,26.4024541180724,83.97882959018499,36.40526109840425,330.0061820595535,service_road,service_road_traj_2
2025-07-19 13:25:49.927825,26.402952100588397,83.97857377438675,25.123799857946032,265.17452981739933,service_road,service_road_traj_2
2025-07-19 13:25:37.333874,26.402887043864606,83.97805718482428,27.841659109568276,19.093966778129584,service_road,service_road_traj_2
2025-07-19 13:25:31.247623,26.403185886566362,83.97841925499938,32.768638057259686,19.264478010583446,service_road,service_road_traj_2
2025-07-19 13:25:30.462300,26.40373975311061,83.97834444810012,38.63556006506194,19.28416644071109,service_road,service_road_traj_2
2025-07-19 13:26:09.217879,26.404011996998292,83.97877819545215,30.663923099007555,19.284099560207608,service_road,service_road_traj_2
2025-07-19 13:25:16.363526,26.40460864507831,83.97900669840962,30.60381582038545,17.82636254304788,service_road,service_road_traj_2
2025-07-19 13:26:19.374268,26.404752075006265,83.97916235775388,30.837239831376667,17.60947862807302,service_road,service_road_traj_2
2025-07-19 13:26:24.220027,26.40545876163909,83.97916419739752,30.277395864082713,17.609416020508718,service_road,service_road_traj_2
2025-07-19 13:25:31.150983,26.405595560237842,83.97914464925752,29.108837394697346,17.609353414608393,service_road,service_road_traj_2
2025-07-19 13:25:32.050731,26.406141707940463,83.97936439067361,22.103254404367775,17.609290805032686,service_road,service_road_traj_2
2025-07-19 13:25:43.183226,26.40677176209685,83.97958017955348,26.44555904840038,17.609228197241123,service_road,service_road_traj_2
2025-07-19 13:25:45.023447,26.40727593360253,83.97980579282246,21.710322133188875,17.609165585533788,service_road,service_road_traj_2
2025-07-19 13:26:30.130283,26.40761338834156,83.98007787533803,25.88302183506913,17.609102975730764,service_road,service_road_traj_2
2025-07-19 13:26:12.247660,26.40792163533819,83.98004232644944,38.289451931762684,18.127733962159027,service_road,service_road_traj_2
2025-07-19 13:25:44.911217,26.40820374113147,83.98005463951475,27.70745435289043,25.257486208459284,service_road,service_road_traj_2
2025-07-19 13:26:02.398041,26.40890806643715,83.98020710367342,26.68661887419148,109.3613967090941,service_road,service_road_traj_2
2025-07-19 13:26:19.560684,26.408503261195918,83.98083464765857,32.58475703214117,109.3613750749526,service_road,service_road_traj_2
2025-07-19 13:25:50.720714,26.40865073187981,83.98152048164451,37.7822958037725,73.36674435100537,service_road,service_road_traj_2
2025-07-19 13:26:18.688817,26.408704525096677,83.98172648871612,31.505011910179956,21.93507649492352,service_road,service_road_traj_2
2025-07-19 13:27:23.126889,26.408853723375977,83.98162457180284,22.382662235611452,25.435390861699886,service_road,service_road_traj_2
2025-07-19 13:27:31.415536,26.409280098560156,83.98206615524138,34.76749345986002,19.52116737271308,service_road,service_road_traj_2
2025-07-19 13:26:25.046270,26.40975155775058,83.98239466109881,34.81872446241015,19.521099903465142,service_road,service_road_traj_2
2025-07-19 13:26:45.060954,26.410369578338905,83.98222999066348,29.62716981724704,16.309397312553813,service_road,service_road_traj_2
2025-07-19 13:27:38.181988,26.410735485663412,83.98255001805737,26.591809217746057,16.11692541090622,service_road,service_road_traj_2
2025-07-19 13:27:36.047134,26.411005817194283,83.98273089256836,38.5386298523858,16.116866932346056,service_road,service_road_traj_2
2025-07-19 13:26:56.795329,26.4115461251032,83.9827830436706,25.861985073604167,15.528947396622357,service_road,service_road_traj_2
2025-07-19 13:26:34.444035,26.412059308656413,83.98280289902836,23.88144828389738,20.657111648129614,service_road,service_road_traj_2
2025-07-19 13:28:03.128606,26.41255936244524,83.98295572479185,28.473222573122527,107.50394347727217,service_road,service_road_traj_2
2025-07-19 13:27:06.882716,26.412397151830188,83.98363899292771,28.571548489760936,26.437423602034187,service_road,service_road_traj_2
2025-07-19 13:27:53.217489,26.41249562028587,83.98356211280945,33.45235539425427,24.982621954177148,service_road,service_road_traj_2
2025-07-19 13:27:13.329790,26.41325635399419,83.98399234753866,27.577789470944655,20.766636943565686,service_road,service_road_traj_2
2025-07-19 13:28:17.515813,26.41341783860281,83.98417028737758,21.86490507977657,17.739728643162266,service_road,service_road_traj_2
2025-07-19 13:26:54.304796,26.414066755816922,83.98445330867183,35.756811590112775,17.739665668808584,service_road,service_road_traj_2
2025-07-19 13:28:11.406662,26.414330176305107,83.98454201033884,21.63360920986307,34.07555437746686,service_road,service_road_traj_2
2025-07-19 13:27:22.113241,26.414570242068404,83.98455290877719,22.521769843756726,21.409933305626282,service_road,service_road_traj_2
2025-07-19 13:26:42.330089,26.415023502518654,83.98476979736769,35.72382287221031,21.409861561454136,service_road,service_road_traj_2
2025-07-19 13:26:41.981012,26.415636969451946,83.98497814900219,21.798837772703838,74.37121400988207,service_road,service_road_traj_2
2025-07-19 13:28:00.402231,26.41553639811298,83.98549844556013,21.910952218551675,110.04718298603103,service_road,service_road_traj_2
2025-07-19 13:28:54.537553,26.415349476666023,83.9857019843727,23.31242268515776,110.04715993450787,service_road,service_road_traj_2
2025-07-19 13:26:44.837428,26.415388154300864,83.98643303805156,34.264381251168885,110.0471368823379,service_road,service_road_traj_2
2025-07-19 13:27:14.179847,26.41507441521893,83.98687086875364,24.238573484283243,110.0471138307426,service_road,service_road_traj_2
2025-07-19 13:28:38.964157,26.41522413441532,83.98702180954443,23.09083089003441,110.04709077931494,service_road,service_road_traj_2
2025-07-19 13:28:00.659131,26.414913495662297,83.98763606472902,34.65639375835059,110.0470677280548,service_road,service_road_traj_2
2025-07-19 13:28:17.475245,26.41485523429328,83.98784021379323,33.10831400331503,94.73321125163204,service_road,service_road_traj_2
2025-07-19 13:27:00.924145,26.414800794457076,83.98846248256977,27.48872388592072,19.657044638989134,service_road,service_road_traj_2
2025-07-19 13:29:14.165422,26.415087479230984,83.98852949383628,23.216757986089906,17.523449936595398,service_road,service_road_traj_2
2025-07-19 13:27:48.074207,26.415644271229343,83.98871956602262,33.62693457798397,18.822189936331995,service_road,service_road_traj_2
2025-07-19 13:29:30.507439,26.415946641017257,83.98912768556039,36.10756960271871,76.30015657698232,service_road,service_road_traj_2
2025-07-19 13:28:46.948130,26.416104393842883,83.98935786611327,23.931818568660923,110.7596101762773,service_road,service_road_traj_2
2025-07-19 13:29:55.838660,26.41607479486667,83.98975557614588,36.465968619315404,109.22800175204077,service_road,service_road_traj_2
2025-07-19 13:29:49.190824,26.41602669097931,83.99024721423552,37.455289006039585,117.64580931321132,service_road,service_road_traj_2
2025-07-19 13:29:05.686889,26.41574035992772,83.99063391586257,23.443540422044094,126.23822928546178,service_road,service_road_traj_2
2025-07-19 13:27:58.630860,26.41549070241607,83.99073557538338,26.02485888754557,112.04764910977588,service_road,service_road_traj_2
2025-07-19 13:29:30.957712,26.415164039388245,83.99143412336988,27.477548319012534,112.04762177150428,service_road,service_road_traj_2
2025-07-19 13:26:47.574584,26.41527784350889,83.99187139891913,33.648065699819256,112.11398033218626,service_road,service_road_traj_2
2025-07-19 13:27:27.876783,26.41502727174721,83.9922719346669,24.935782578772194,112.35338465357415,service_road,service_road_traj_2
2025-07-19 13:28:11.579077,26.41487173999807,83.99248838077061,39.723389890362114,112.35335664141826,service_road,service_road_traj_2
2025-07-19 13:29:51.920164,26.414634929731854,83.99292127141939,36.61652728578666,112.35332862988662,service_road,service_road_traj_2
2025-07-19 13:26:57.277944,26.414613015821846,83.99341741753359,36.07684207943819,183.78498599031067,service_road,service_road_traj_2
2025-07-19 13:28:48.352453,26.41404400267112,83.9935539853404,34.21272961026797,168.0331660256503,service_road,service_road_traj_2
2025-07-19 13:27:03.300342,26.41348183335915,83.99346442974942,34.91700785945132,106.22470243058206,service_road,service_road_traj_2
2025-07-19 13:27:07.052117,26.413367052053065,83.99402103601906,39.35104874525,99.49783952898593,service_road,service_road_traj_2
2025-07-19 13:29:09.266656,26.413395507447277,83.99467320939421,31.790341162671893,99.38309942414139,service_road,service_road_traj_2
2025-07-19 13:27:30.113644,26.413580516181288,83.99503004819256,27.248120593360294,105.2448833943738,service_road,service_road_traj_2
2025-07-19 13:28:22.727025,26.41344199923452,83.99553686733894,30.000612219394647,109.4685533160798,service_road,service_road_traj_2
2025-07-19 13:27:23.858616,26.413281588964487,83.99566029740173,38.840745192148226,106.79596969323944,service_road,service_road_traj_2
2025-07-19 13:31:20.543482,26.41286533966523,83.99637206093865,31.72658779824561,94.9967019772447,service_road,service_road_traj_2
2025-07-19 13:31:25.053785,26.413119064652836,83.99691792238691,24.5889281755945,94.99670041557471,service_road,service_road_traj_2
2025-07-19 13:29:41.820130,26.41277353746424,83.99722229745566,33.375892447312765,94.99669885550134,service_road,service_road_traj_2
2025-07-19 13:29:54.252315,26.41310383805815,83.99747860432846,37.168537165573,94.99669729486322,service_road,service_road_traj_2
2025-07-19 13:31:42.157083,26.412764532670842,83.99823724428164,23.302970465440726,95.00557412706303,service_road,service_road_traj_2
2025-07-19 13:27:27.971161,26.412970156196003,83.99853590492228,26.49731404753148,99.95368139445247,service_road,service_road_traj_2
2025-07-19 13:29:31.599449,26.412806424322405,83.99892943451589,29.562964137904473,99.953675303495,service_road,service_road_traj_2
2025-07-19 13:29:44.289401,26.412731043224383,83.99954334300615,23.028436962320175,32.739579987292814,service_road,service_road_traj_2
2025-07-19 13:30:53.968821,26.41303969242009,83.99977021614943,28.240782506891307,15.066218453298916,service_road,service_road_traj_2
2025-07-19 13:30:40.824281,26.41357349475134,83.99984329606127,25.927622579529398,31.931624405168463,service_road,service_road_traj_2
2025-07-19 13:30:17.184009,26.413847257124008,83.99996439825802,38.65687932338821,14.833264031078329,service_road,service_road_traj_2
2025-07-19 13:31:34.241085,26.414199348761887,84.00022457240927,28.199298933977914,14.833209342444434,service_road,service_road_traj_2
2025-07-19 13:30:32.716171,26.41464985270215,84.00023451601263,32.46123462610473,14.833154655067915,service_road,service_road_traj_2
2025-07-19 13:29:11.829414,26.415300993937954,84.00065585898253,33.27338276853296,14.833099967732437,service_road,service_road_traj_2
2025-07-19 13:30:32.645087,26.41563832287939,84.00067990289644,37.185662233590584,14.979643665186245,service_road,service_road_traj_2
2025-07-19 13:31:12.582213,26.416223536432316,84.00078822933737,20.251877194470204,14.979643665186245,service_road,service_road_traj_2
2025-07-19 13:24:22.224978,26.396078849299784,83.97573408881497,33.80139941695285,31.115049312943484,service_road,service_road_traj_3
2025-07-19 13:24:25.308198,26.396468452999578,83.97587406356746,32.81315683751224,31.11496483523632,service_road,service_road_traj_3
2025-07-19 13:24:27.258155,26.397122765945014,83.97609217136582,35.161065100509035,24.808644190513405,service_road,service_road_traj_3
2025-07-19 13:24:34.295350,26.397376330659657,83.97605244333852,22.77512336436509,24.648346566176087,service_road,service_road_traj_3
2025-07-19 13:24:30.252648,26.39784576208434,83.97661900456846,36.6704653631806,52.931439208122015,service_road,service_road_traj_3
2025-07-19 13:24:39.586119,26.398103986383155,83.97700863869525,32.461831504416374,18.818616389666772,service_road,service_road_traj_3
2025-07-19 13:24:41.188971,26.39826684692231,83.97697676763629,39.26458045984259,18.570267844321165,service_road,service_road_traj_3
2025-07-19 13:24:53.403123,26.399073413529937,83.9769266208295,33.907133362398,17.040858117474727,service_road,service_road_traj_3
2025-07-19 13:25:00.102144,26.399192189302475,83.97714678538317,24.612233708678676,15.029275293409171,service_road,service_road_traj_3
2025-07-19 13:24:55.080316,26.39977947472653,83.9773894702982,27.00606764705328,3.20905322324694,service_road,service_road_traj_3
2025-07-19 13:25:09.014225,26.40030915451343,83.97765603339025,33.29380929133275,13.37865769308496,service_road,service_road_traj_3
2025-07-19 13:25:14.523940,26.400735920243914,83.9777444138639,22.675803457934926,13.37860758865321,service_road,service_road_traj_3
2025-07-19 13:25:16.027182,26.4012424526104,83.97774181165707,34.36151439799659,12.660863648333589,service_road,service_road_traj_3
2025-07-19 13:25:06.207015,26.401434363674934,83.97799783681015,23.109735788014103,81.80058549893772,service_road,service_road_traj_3
2025-07-19 13:25:10.898439,26.401676161103744,83.97813598677163,24.507677684819622,90.70043737502994,service_road,service_road_traj_3
2025-07-19 13:25:15.424489,26.401701081180825,83.97858334539332,32.52276136073817,11.83213076033394,service_road,service_road_traj_3
2025-07-19 13:25:03.486175,26.401998370805895,83.97845483517922,22.490439820978942,11.832085751889792,service_road,service_road_traj_3
2025-07-19 13:25:26.051466,26.40231879750314,83.9788807605675,29.565115981310186,330.0061820595535,service_road,service_road_traj_3
2025-07-19 13:25:09.095229,26.402814313387452,83.97872054504127,29.984885416181193,265.17452981739933,service_road,service_road_traj_3
2025-07-19 13:25:09.730624,26.40253253192443,83.978206079455,33.749959538287385,19.093966778129584,service_road,service_road_traj_3
2025-07-19 13:25:56.750006,26.403253724943372,83.97831742475351,34.44981163131506,19.264478010583446,service_road,service_road_traj_3
2025-07-19 13:25:15.876797,26.403741096656503,83.97840341258961,22.524199678616643,19.28416644071109,service_road,service_road_traj_3
2025-07-19 13:25:22.285447,26.40407617834014,83.97878562508015,32.912852215095256,19.284099560207608,service_road,service_road_traj_3
2025-07-19 13:25:35.169822,26.404495804603314,83.97873417808948,35.55620239976828,17.82636254304788,service_road,service_road_traj_3
2025-07-19 13:26:01.180745,26.404954606737192,83.97914156256246,35.03327505398617,17.60947862807302,service_road,service_road_traj_3
2025-07-19 13:25:53.802137,26.405512489726938,83.97919460606232,34.56342801168275,17.609416020508718,service_road,service_road_traj_3
2025-07-19 13:26:10.256495,26.405922075582456,83.97921528297391,36.02940342603719,17.609353414608393,service_road,service_road_traj_3
2025-07-19 13:26:30.728794,26.406108723811275,83.97932888468436,20.844149167019484,17.609290805032686,service_road,service_road_traj_3
2025-07-19 13:26:30.627102,26.406775319351613,83.97956297859334,36.24787985814254,17.609228197241123,service_road,service_road_traj_3
2025-07-19 13:25:49.559565,26.406930951984446,83.97993139870815,31.258250227846503,17.609165585533788,service_road,service_road_traj_3
2025-07-19 13:25:41.490750,26.40746130785711,83.97994077451312,29.20536140012252,17.609102975730764,service_road,service_road_traj_3
2025-07-19 13:26:09.363286,26.408075746767455,83.9801913100012,36.25195057356577,18.127733962159027,service_road,service_road_traj_3
2025-07-19 13:26:12.163560,26.408412042410095,83.98028129806914,34.22599036978632,25.257486208459284,service_road,service_road_traj_3
2025-07-19 13:25:52.198468,26.408749396074267,83.98047746783875,28.007714687368278,109.3613967090941,service_road,service_road_traj_3
2025-07-19 13:25:48.411100,26.40867353479166,83.98086448673473,20.59183888617156,109.3613750749526,service_road,service_road_traj_3
2025-07-19 13:27:06.674502,26.408454643726056,83.98144252134297,29.614040232149954,73.36674435100537,service_road,service_road_traj_3
2025-07-19 13:27:02.380449,26.40863875353955,83.98165931148345,31.952763979159013,21.93507649492352,service_road,service_road_traj_3
2025-07-19 13:26:54.485124,26.409031298860935,83.9816937012628,22.712702924469216,25.435390861699886,service_road,service_road_traj_3
2025-07-19 13:27:13.517133,26.40927930474012,83.98188953203348,37.86823885736382,19.52116737271308,service_road,service_road_traj_3
2025-07-19 13:25:44.889994,26.40985318604899,83.982306092137,30.23911645111674,19.521099903465142,service_road,service_road_traj_3
2025-07-19 13:26:57.905285,26.410189325281934,83.98226054945664,30.31598330150515,16.309397312553813,service_road,service_road_traj_3
2025-07-19 13:27:42.674745,26.41056865572039,83.98251978150222,34.22603426759642,16.11692541090622,service_road,service_road_traj_3
2025-07-19 13:27:02.023082,26.410975991869005,83.98243809394519,37.12353289296158,16.116866932346056,service_road,service_road_traj_3
2025-07-19 13:25:51.314284,26.411708226077444,83.98269683249656,33.563020633706344,15.528947396622357,service_road,service_road_traj_3
2025-07-19 13:27:38.752228,26.41183511451572,83.98269516461761,23.56382101961262,20.657111648129614,service_road,service_road_traj_3
2025-07-19 13:27:16.838140,26.41251725619911,83.98287229433645,35.500184746926635,107.50394347727217,service_road,service_road_traj_3
2025-07-19 13:27:46.369743,26.41242557515697,83.9835439179793,39.617308376198004,26.437423602034187,service_road,service_road_traj_3
2025-07-19 13:26:06.427358,26.412805618506372,83.98395684933621,37.711830906301145,24.982621954177148,service_road,service_road_traj_3
2025-07-19 13:27:24.165175,26.412875965414372,83.98382305985767,35.961780706957065,20.766636943565686,service_road,service_road_traj_3
2025-07-19 13:28:14.677383,26.41332650440057,83.98410555674404,23.930703021489727,17.739728643162266,service_road,service_road_traj_3
2025-07-19 13:26:25.828916,26.41411883340961,83.98431669659836,34.73837620009559,17.739665668808584,service_road,service_road_traj_3
2025-07-19 13:26:49.630390,26.414424589412707,83.98432251645035,24.18077542587323,34.07555437746686,service_road,service_road_traj_3
2025-07-19 13:28:05.405884,26.414772600648643,83.98485005088321,24.601488847683793,21.409933305626282,service_road,service_road_traj_3
2025-07-19 13:27:02.131949,26.415055194864387,83.98498494447117,27.503314128169958,21.409861561454136,service_road,service_road_traj_3
2025-07-19 13:28:23.589774,26.415627977302787,83.98520667190662,30.961765546795874,74.37121400988207,service_road,service_road_traj_3
2025-07-19 13:28:30.791887,26.415646015535934,83.98555007763956,23.20695811918309,110.04718298603103,service_road,service_road_traj_3
2025-07-19 13:27:28.391198,26.415397254045786,83.98604921565115,21.499948435714415,110.04715993450787,service_road,service_road_traj_3
2025-07-19 13:27:48.998171,26.415410454698375,83.98637042038256,33.28460190312714,110.0471368823379,service_road,service_road_traj_3
2025-07-19 13:28:11.580269,26.41521123376908,83.98666590221664,33.63075603285199,110.0471138307426,service_road,service_road_traj_3
2025-07-19 13:26:45.401165,26.41506578776971,83.98719399891819,21.056580055441334,110.04709077931494,service_road,service_road_traj_3
2025-07-19 13:28:21.392006,26.415023438234094,83.98779251976774,28.629677167983566,110.0470677280548,service_road,service_road_traj_3
2025-07-19 13:27:49.778424,26.4148295644643,83.98819074328152,34.35715167769801,94.73321125163204,service_road,service_road_traj_3
2025-07-19 13:27:15.970340,26.414883188530936,83.98822867251884,22.703765495765783,19.657044638989134,service_road,service_road_traj_3
2025-07-19 13:29:22.286742,26.415362678481536,83.98878017755383,23.439714333751777,17.523449936595398,service_road,service_road_traj_3
2025-07-19 13:28:42.232050,26.415691222617077,83.98885643815787,28.046435519264616,18.822189936331995,service_road,service_road_traj_3
2025-07-19 13:27:57.667782,26.415880024290352,83.98890101631596,22.398249549394453,76.30015657698232,service_road,service_road_traj_3
2025-07-19 13:27:18.305339,26.416016232287078,83.98927914667138,34.26180707540965,110.7596101762773,service_road,service_road_traj_3
2025-07-19 13:27:29.545598,26.416013709730993,83.98981441709726,33.4293583557707,109.22800175204077,service_road,service_road_traj_3
2025-07-19 13:27:54.154179,26.415915366894808,83.9900412365123,36.319055825401996,117.64580931321132,service_road,service_road_traj_3
2025-07-19 13:27:43.276934,26.4157208025539,83.99033967893786,34.44837992144907,126.23822928546178,service_road,service_road_traj_3
2025-07-19 13:27:13.091958,26.41541055567107,83.9908144124932,32.24460850539961,112.04764910977588,service_road,service_road_traj_3
2025-07-19 13:29:34.315843,26.415279108198025,83.99121641060583,22.180219832711327,112.04762177150428,service_road,service_road_traj_3
2025-07-19 13:29:24.879883,26.41497319703402,83.99185090628741,38.542692124899574,112.11398033218626,service_road,service_road_traj_3
2025-07-19 13:26:48.499271,26.41481742703394,83.99218300031868,37.15439066551309,112.35338465357415,service_road,service_road_traj_3
2025-07-19 13:28:41.397433,26.414888993485437,83.99251401875264,29.039829800793733,112.35335664141826,service_road,service_road_traj_3
2025-07-19 13:28:33.327655,26.414506983676212,83.99310963641183,39.620474707861874,112.35332862988662,service_road,service_road_traj_3
2025-07-19 13:27:25.487990,26.414610576997273,83.99344074028197,39.51377678031507,183.78498599031067,service_road,service_road_traj_3
2025-07-19 13:27:56.558971,26.413897200303666,83.99373773993443,26.770844596740766,168.0331660256503,service_road,service_road_traj_3
2025-07-19 13:27:19.511714,26.413554417504443,83.99344552167553,21.191649101791448,106.22470243058206,service_road,service_road_traj_3
2025-07-19 13:29:14.612924,26.413677498605008,83.99401712156154,25.23028967198516,99.49783952898593,service_road,service_road_traj_3
2025-07-19 13:28:37.934087,26.41339802135697,83.99466932328053,20.501970550763538,99.38309942414139,service_road,service_road_traj_3
2025-07-19 13:27:35.833839,26.413355442461203,83.99490660638214,31.970762496207822,105.2448833943738,service_road,service_road_traj_3
2025-07-19 13:28:45.220795,26.41347312583704,83.99527106745997,31.082623569710293,109.4685533160798,service_road,service_road_traj_3
2025-07-19 13:30:58.417226,26.412963978998697,83.99572436461658,20.501433398431395,106.79596969323944,service_road,service_road_traj_3
2025-07-19 13:29:10.716485,26.413034839658305,83.99617522954713,22.873980243263496,94.9967019772447,service_road,service_road_traj_3
2025-07-19 13:27:41.458704,26.412964166713444,83.99676029953773,38.194724635685034,94.99670041557471,service_road,service_road_traj_3
2025-07-19 13:28:15.456323,26.412917151181382,83.99708699593414,26.55712376996714,94.99669885550134,service_road,service_road_traj_3
2025-07-19 13:28:05.590054,26.41271874859328,83.99775027496855,34.06860783685292,94.99669729486322,service_road,service_road_traj_3
2025-07-19 13:27:33.234157,26.413055839550303,83.99813570586703,29.48058793507953,95.00557412706303,service_road,service_road_traj_3
2025-07-19 13:27:38.717818,26.41272641122633,83.9987667668452,26.395532957828046,99.95368139445247,service_road,service_road_traj_3
2025-07-19 13:30:36.031850,26.41277320160096,83.99929432781138,20.28534862172407,99.953675303495,service_road,service_road_traj_3
2025-07-19 13:29:15.749843,26.4125015145837,83.99945048096825,29.653260299048018,32.739579987292814,service_road,service_road_traj_3
2025-07-19 13:31:25.726989,26.41295556518297,83.99995317702994,26.111733191773148,15.066218453298916,service_road,service_road_traj_3
2025-07-19 13:28:04.795938,26.413398566979296,83.99975546483478,28.330687560550476,31.931624405168463,service_road,service_road_traj_3
2025-07-19 13:30:47.706291,26.41399291114392,84.00027180339123,20.435300635747186,14.833264031078329,service_road,service_road_traj_3
2025-07-19 13:27:44.051170,26.414245412939728,84.00028750227568,26.277006909792686,14.833209342444434,service_road,service_road_traj_3
2025-07-19 13:29:14.632999,26.414717748093125,84.00050253991263,28.79832416759175,14.833154655067915,service_road,service_road_traj_3
2025-07-19 13:30:47.293584,26.415333681897167,84.00033827194169,25.58024740948035,14.833099967732437,service_road,service_road_traj_3
2025-07-19 13:27:47.539152,26.41574600373904,84.00080417431334,34.56752479156971,14.979643665186245,service_road,service_road_traj_3
2025-07-19 13:27:45.840920,26.416164878300094,84.00081581449312,39.52317421088664,14.979643665186245,service_road,service_road_traj_3
2025-07-19 13:24:22.238523,26.396205546814766,83.97540162957483,25.67159420178519,31.115049312943484,service_road,service_road_traj_4
2025-07-19 13:24:24.391125,26.396745325803057,83.97575622528477,36.093896192207566,31.11496483523632,service_road,service_road_traj_4
2025-07-19 13:24:31.442868,26.39691122833172,83.97591541249031,31.60345064079773,24.808644190513405,service_road,service_road_traj_4
2025-07-19 13:24:30.845293,26.397458999329434,83.97633592704356,23.086103968489542,24.648346566176087,service_road,service_road_traj_4
2025-07-19 13:24:41.044454,26.397609157460284,83.9763338102304,38.03077390929242,52.931439208122015,service_road,service_road_traj_4
2025-07-19 13:24:43.875322,26.398002841651163,83.97699407175527,30.16826017158717,18.818616389666772,service_road,service_road_traj_4
2025-07-19 13:24:36.943365,26.398249968368283,83.97716146331099,26.120419690109955,18.570267844321165,service_road,service_road_traj_4
2025-07-19 13:24:47.041721,26.398746931315372,83.97711228906789,25.270925111727433,17.040858117474727,service_road,service_road_traj_4
2025-07-19 13:24:59.993907,26.399494224482783,83.97732610553614,30.25980907993997,15.029275293409171,service_road,service_road_traj_4
2025-07-19 13:24:50.582629,26.3997707222891,83.97727181762959,30.78005087106142,3.20905322324694,service_road,service_road_traj_4
2025-07-19 13:24:49.322793,26.400134928905892,83.97736495863924,20.430405675319783,13.37865769308496,service_road,service_road_traj_4
2025-07-19 13:24:55.648922,26.40050142850821,83.97736958822178,29.422663495772454,13.37860758865321,service_road,service_road_traj_4
2025-07-19 13:25:09.519741,26.40124575016374,83.97758479752655,20.558553186480605,12.660863648333589,service_road,service_road_traj_4
2025-07-19 13:25:11.962196,26.40174660492227,83.97780167419008,33.50755402951669,81.80058549893772,service_road,service_road_traj_4
2025-07-19 13:24:58.530013,26.40180596857429,83.97832341660575,35.89055563182153,90.70043737502994,service_road,service_road_traj_4
2025-07-19 13:25:20.276843,26.401595729961674,83.97840640711713,26.32007217514269,11.83213076033394,service_road,service_road_traj_4
2025-07-19 13:25:16.995764,26.40216890301285,83.97863449688869,26.91388941480138,11.832085751889792,service_road,service_road_traj_4
2025-07-19 13:25:24.760874,26.402709659330053,83.97871436599185,31.17193859910427,330.0061820595535,service_road,service_road_traj_4
2025-07-19 13:25:35.333325,26.402744911248526,83.97857287972275,33.495020571180696,265.17452981739933,service_road,service_road_traj_4
2025-07-19 13:25:27.040595,26.402578290818703,83.97805200449457,20.26488933324358,19.093966778129584,service_road,service_road_traj_4
2025-07-19 13:25:34.340812,26.40315996746705,83.97812229491042,29.96635315119983,19.264478010583446,service_road,service_road_traj_4
2025-07-19 13:25:27.530465,26.403526748224326,83.97868765494421,22.4682264765499,19.28416644071109,service_road,service_road_traj_4
2025-07-19 13:26:04.361145,26.403870513937182,83.97878695530412,39.94934365801247,19.284099560207608,service_road,service_road_traj_4
2025-07-19 13:26:09.736595,26.4044034927931,83.97890205475429,33.48611828885704,17.82636254304788,service_road,service_road_traj_4
2025-07-19 13:26:17.757569,26.405065863499367,83.97914588269337,21.774730164296926,17.60947862807302,service_road,service_road_traj_4
2025-07-19 13:26:04.422973,26.405264045125513,83.97917836497783,39.7346259222378,17.609416020508718,service_road,service_road_traj_4
2025-07-19 13:26:12.820515,26.405848638279718,83.97944292343676,23.261386316592898,17.609353414608393,service_road,service_road_traj_4
2025-07-19 13:25:56.460475,26.406296177826185,83.97964420333962,26.055408386098254,17.609290805032686,service_road,service_road_traj_4
2025-07-19 13:25:20.049749,26.406802752863424,83.97940520870641,23.06234132907212,17.609228197241123,service_road,service_road_traj_4
2025-07-19 13:25:28.495659,26.407021731503797,83.97976464655399,21.573254454308405,17.609165585533788,service_road,service_road_traj_4
2025-07-19 13:25:23.421086,26.407676333596925,83.97978353093501,33.70317744445029,17.609102975730764,service_road,service_road_traj_4
2025-07-19 13:26:40.429423,26.40807761142571,83.97984466501342,39.92090295062833,18.127733962159027,service_road,service_road_traj_4
2025-07-19 13:26:28.767163,26.408218356237015,83.98016593727905,37.26347457969454,25.257486208459284,service_road,service_road_traj_4
2025-07-19 13:25:51.418249,26.408974777198786,83.98048656372082,33.866900211334396,109.3613967090941,service_road,service_road_traj_4
2025-07-19 13:26:02.499045,26.408628663231507,83.98065251807915,29.820137651016093,109.3613750749526,service_road,service_road_traj_4
2025-07-19 13:26:06.091228,26.40861595110931,83.98119961451053,30.76924403994185,73.36674435100537,service_road,service_road_traj_4
2025-07-19 13:27:19.188643,26.40844267882006,83.98147653938793,24.932635533294107,21.93507649492352,service_road,service_road_traj_4
2025-07-19 13:25:54.263817,26.409055754902365,83.98176869428187,35.35097153265805,25.435390861699886,service_road,service_road_traj_4
2025-07-19 13:26:49.605610,26.409532030238434,83.98210849904096,27.916609763959947,19.52116737271308,service_road,service_road_traj_4
2025-07-19 13:26:20.714335,26.40999379360658,83.98222421866102,39.55249238163323,19.521099903465142,service_road,service_road_traj_4
2025-07-19 13:27:39.995597,26.410414734221902,83.98238517109294,26.079741181730874,16.309397312553813,service_road,service_road_traj_4
2025-07-19 13:27:45.862605,26.410771413932295,83.9826397686795,28.812213977723694,16.11692541090622,service_road,service_road_traj_4
2025-07-19 13:26:44.148011,26.41124447020806,83.98257835685571,35.6975284351374,16.116866932346056,service_road,service_road_traj_4
2025-07-19 13:26:27.020822,26.41155534294852,83.9828144755117,23.274302341310115,15.528947396622357,service_road,service_road_traj_4
2025-07-19 13:27:15.774555,26.41193814882278,83.98284210407802,23.658236236985605,20.657111648129614,service_road,service_road_traj_4
2025-07-19 13:27:50.900701,26.41248173927652,83.98289446941767,23.87962321686828,107.50394347727217,service_road,service_road_traj_4
2025-07-19 13:27:56.284949,26.412331876364057,83.98349579547578,38.14263258767266,26.437423602034187,service_road,service_road_traj_4
2025-07-19 13:26:39.508025,26.412476582641936,83.98357554581095,34.601227263169605,24.982621954177148,service_road,service_road_traj_4
2025-07-19 13:27:09.297133,26.412966292503857,83.98404716918971,23.121999569244675,20.766636943565686,service_road,service_road_traj_4
2025-07-19 13:26:03.347422,26.41350563415595,83.98421405783058,36.97196317861011,17.739728643162266,service_road,service_road_traj_4
2025-07-19 13:28:01.808010,26.413788747040577,83.98449872593824,26.228354279922574,17.739665668808584,service_road,service_road_traj_4
2025-07-19 13:27:55.521347,26.414548928433295,83.9844195329542,29.426984217909517,34.07555437746686,service_road,service_road_traj_4
2025-07-19 13:28:00.282581,26.41457407346255,83.98448690451781,22.08955182022527,21.409933305626282,service_road,service_road_traj_4
2025-07-19 13:27:45.417138,26.415294113575715,83.98480968567117,30.528311891972038,21.409861561454136,service_road,service_road_traj_4
2025-07-19 13:26:59.495071,26.415524356367875,83.98520439313442,33.81575510966594,74.37121400988207,service_road,service_road_traj_4
2025-07-19 13:26:21.240285,26.415452234455316,83.98552785129863,20.28498210041707,110.04718298603103,service_road,service_road_traj_4
2025-07-19 13:28:53.078061,26.41532949752559,83.98574128732804,31.720970575939837,110.04715993450787,service_road,service_road_traj_4
2025-07-19 13:27:39.654738,26.415254792530526,83.98637757420805,23.546840859121115,110.0471368823379,service_road,service_road_traj_4
2025-07-19 13:28:37.407397,26.415046591209588,83.98690979605891,23.954494090320782,110.0471138307426,service_road,service_road_traj_4
2025-07-19 13:27:37.022818,26.41500906399581,83.98711977700394,20.65255954184045,110.04709077931494,service_road,service_road_traj_4
2025-07-19 13:26:39.288422,26.414920950040433,83.98748571343457,37.50074289425811,110.0470677280548,service_road,service_road_traj_4
2025-07-19 13:27:28.626637,26.414695453553293,83.98807152428094,34.41416685099897,94.73321125163204,service_road,service_road_traj_4
2025-07-19 13:28:18.313799,26.414679697947,83.98830829925416,33.494379901137044,19.657044638989134,service_road,service_road_traj_4
2025-07-19 13:28:58.401479,26.415381377646323,83.98864450232705,25.859066643805175,17.523449936595398,service_road,service_road_traj_4
2025-07-19 13:27:14.926076,26.415639818250956,83.98863462686332,35.18598321852036,18.822189936331995,service_road,service_road_traj_4
2025-07-19 13:27:42.332651,26.416064567551384,83.98909009997469,36.84763281492657,76.30015657698232,service_road,service_road_traj_4
2025-07-19 13:29:31.608831,26.41608523086219,83.98941614460362,25.868693780476878,110.7596101762773,service_road,service_road_traj_4
2025-07-19 13:29:10.782227,26.415889502969296,83.98958281218093,25.710741064374954,109.22800175204077,service_road,service_road_traj_4
2025-07-19 13:26:45.930325,26.415789175014183,83.99004556473386,28.67720569465842,117.64580931321132,service_road,service_road_traj_4
2025-07-19 13:29:27.959468,26.41562931535475,83.99042561574583,39.06131056063951,126.23822928546178,service_road,service_road_traj_4
2025-07-19 13:27:36.303423,26.41536260099229,83.99099105515508,38.419444404521876,112.04764910977588,service_road,service_road_traj_4
2025-07-19 13:29:18.442339,26.41505868070224,83.99142117521534,25.776363631926287,112.04762177150428,service_road,service_road_traj_4
2025-07-19 13:28:32.012774,26.4150818223648,83.99158153695292,31.566028705365532,112.11398033218626,service_road,service_road_traj_4
2025-07-19 13:27:14.584692,26.414933694693886,83.9921936245131,24.80133056227519,112.35338465357415,service_road,service_road_traj_4
2025-07-19 13:27:39.436495,26.41476605885073,83.99248070202168,32.70492271350093,112.35335664141826,service_road,service_road_traj_4
2025-07-19 13:29:30.978997,26.414517649477098,83.99332819923603,29.917571615270166,112.35332862988662,service_road,service_road_traj_4
2025-07-19 13:30:14.601540,26.414408053116553,83.99362438136164,29.374431382238154,183.78498599031067,service_road,service_road_traj_4
2025-07-19 13:27:57.814540,26.413966987971538,83.9934714863684,27.348599741639667,168.0331660256503,service_road,service_road_traj_4
2025-07-19 13:29:18.811934,26.413590714754996,83.99349610259782,22.035430284575334,106.22470243058206,service_road,service_road_traj_4
2025-07-19 13:30:27.494828,26.413329110213542,83.9941275217151,34.544664257484854,99.49783952898593,service_road,service_road_traj_4
2025-07-19 13:28:33.537315,26.41335506453062,83.99456306932571,21.7409794654307,99.38309942414139,service_road,service_road_traj_4
2025-07-19 13:30:57.291247,26.41335848101587,83.99497140405182,39.89470596661539,105.2448833943738,service_road,service_road_traj_4
2025-07-19 13:30:42.472854,26.413480806687165,83.99527887605288,26.003083325268832,109.4685533160798,service_road,service_road_traj_4
2025-07-19 13:28:17.813546,26.412958187305943,83.99606600085566,34.87399977762836,106.79596969323944,service_road,service_road_traj_4
2025-07-19 13:29:24.282646,26.413038386266404,83.99636328762723,34.62344516176749,94.9967019772447,service_road,service_road_traj_4
2025-07-19 13:28:03.859168,26.41308268450625,83.99683607277551,34.12499847917118,94.99670041557471,service_road,service_road_traj_4
2025-07-19 13:30:42.354240,26.413137823719055,83.99745663641438,24.124090896794307,94.99669885550134,service_road,service_road_traj_4
2025-07-19 13:29:00.191407,26.4130085491094,83.99750837100504,38.909834771094566,94.99669729486322,service_road,service_road_traj_4
2025-07-19 13:29:35.724771,26.41292750019979,83.99803609769118,30.086614619234375,95.00557412706303,service_road,service_road_traj_4
2025-07-19 13:29:05.667537,26.412914787922503,83.99850892849746,29.887086608354778,99.95368139445247,service_road,service_road_traj_4
2025-07-19 13:30:12.642791,26.412953993237082,83.99906912406712,31.082005119412386,99.953675303495,service_road,service_road_traj_4
2025-07-19 13:30:16.724902,26.41288570366723,83.99941706393828,39.67190943723533,32.739579987292814,service_road,service_road_traj_4
2025-07-19 13:27:49.591595,26.4128036301978,83.99971627800632,28.72399230050477,15.066218453298916,service_road,service_road_traj_4
2025-07-19 13:31:38.947794,26.41353481608145,84.00009581259884,36.27721800303402,31.931624405168463,service_road,service_road_traj_4
2025-07-19 13:28:09.947908,26.413947448345347,84.00035666967979,37.017351648405736,14.833264031078329,service_road,service_road_traj_4
2025-07-19 13:30:44.468273,26.414154995217594,84.00013847371133,34.71482068795694,14.833209342444434,service_road,service_road_traj_4
2025-07-19 13:29:05.201825,26.414772607709686,84.0003884955893,37.70061790857416,14.833154655067915,service_road,service_road_traj_4
2025-07-19 13:29:42.704849,26.414973122475782,84.00071262968785,35.578880621438636,14.833099967732437,service_road,service_road_traj_4
2025-07-19 13:31:59.275597,26.415553578504664,84.00071520202785,35.04884729068443,14.979643665186245,service_road,service_road_traj_4
2025-07-19 13:28:19.257054,26.415979840181457,84.00091675106152,27.143412217163515,14.979643665186245,service_road,service_road_traj_4
2025-07-19 13:24:22.265442,26.39617977958245,83.97549475424861,33.882334143596786,31.115049312943484,service_road,service_road_traj_5
2025-07-19 13:24:25.758957,26.396678022434255,83.9759907551575,24.30350065744836,31.11496483523632,service_road,service_road_traj_5
2025-07-19 13:24:32.119140,26.397057038122405,83.97617310735879,28.3057071952698,24.808644190513405,service_road,service_road_traj_5
2025-07-19 13:24:35.295740,26.397421138090607,83.97643260108383,27.924620786593493,24.648346566176087,service_road,service_road_traj_5
2025-07-19 13:24:39.209168,26.3979041648114,83.9765273705183,23.71050904553062,52.931439208122015,service_road,service_road_traj_5
2025-07-19 13:24:34.081155,26.397910127376505,83.97700983550554,26.714670997930778,18.818616389666772,service_road,service_road_traj_5
2025-07-19 13:24:34.527716,26.39862570742243,83.97686627536861,39.276443682673175,18.570267844321165,service_road,service_road_traj_5
2025-07-19 13:24:46.389696,26.398955044111535,83.97692513262884,32.695835479699156,17.040858117474727,service_road,service_road_traj_5
2025-07-19 13:24:39.693333,26.39914085881716,83.97747282942875,25.325505306155573,15.029275293409171,service_road,service_road_traj_5
2025-07-19 13:24:48.004407,26.399850485536184,83.97720741776033,37.85044626179114,3.20905322324694,service_road,service_road_traj_5
2025-07-19 13:25:07.644104,26.40003573957661,83.97735235694178,32.27623882265884,13.37865769308496,service_road,service_road_traj_5
2025-07-19 13:24:49.150987,26.400531313043246,83.97776382282487,20.63206381194583,13.37860758865321,service_road,service_road_traj_5
2025-07-19 13:24:53.847433,26.40094481185521,83.97745932366018,25.7777732351379,12.660863648333589,service_road,service_road_traj_5
2025-07-19 13:24:57.011433,26.401758776021502,83.97762224031321,27.39974254264379,81.80058549893772,service_road,service_road_traj_5
2025-07-19 13:25:17.610781,26.401456247978263,83.97816224329179,23.94303645699812,90.70043737502994,service_road,service_road_traj_5
2025-07-19 13:25:29.895112,26.4016096074692,83.97843185084781,27.540628920287503,11.83213076033394,service_road,service_road_traj_5
2025-07-19 13:25:04.478879,26.402159005007473,83.97880761598384,30.6322311243415,11.832085751889792,service_road,service_road_traj_5
2025-07-19 13:25:16.411161,26.402675864849662,83.97881314837525,20.66624166714706,330.0061820595535,service_road,service_road_traj_5
2025-07-19 13:25:03.224179,26.402759080446906,83.97863068567753,22.732634946745385,265.17452981739933,service_road,service_road_traj_5
2025-07-19 13:25:54.807884,26.4027626886908,83.97816810169395,39.338062513671815,19.093966778129584,service_road,service_road_traj_5
2025-07-19 13:25:36.062554,26.403080366578962,83.97826637903167,24.259973016543643,19.264478010583446,service_road,service_road_traj_5
2025-07-19 13:25:11.330253,26.40343570423133,83.97841659649374,29.92280614795343,19.28416644071109,service_road,service_road_traj_5
2025-07-19 13:25:13.368804,26.40384107858603,83.978834059229,30.57544894222169,19.284099560207608,service_road,service_road_traj_5
2025-07-19 13:25:47.615657,26.40452138728122,83.97877990662813,32.18047322565479,17.82636254304788,service_road,service_road_traj_5
2025-07-19 13:25:46.213716,26.40494147037583,83.97875196333436,28.46319691822137,17.60947862807302,service_road,service_road_traj_5
2025-07-19 13:26:07.542527,26.40515506665795,83.97910625104308,34.38758107911485,17.609416020508718,service_road,service_road_traj_5
2025-07-19 13:25:37.965471,26.405910625463974,83.97921899474068,23.681142071902308,17.609353414608393,service_road,service_road_traj_5
2025-07-19 13:25:53.072549,26.40612646862891,83.97958979756461,24.478321239539437,17.609290805032686,service_road,service_road_traj_5
2025-07-19 13:26:23.033598,26.406569691817687,83.97939878374817,23.784779852595722,17.609228197241123,service_road,service_road_traj_5
2025-07-19 13:25:25.879860,26.406958323156218,83.97993224394905,26.230722141641394,17.609165585533788,service_road,service_road_traj_5
2025-07-19 13:25:34.553740,26.40757561196619,83.97990896007585,27.805476973771096,17.609102975730764,service_road,service_road_traj_5
2025-07-19 13:25:36.344714,26.40807639241702,83.97997556305113,24.818808040934925,18.127733962159027,service_road,service_road_traj_5
2025-07-19 13:25:43.210434,26.40835136854843,83.98020329244244,35.26923757626937,25.257486208459284,service_road,service_road_traj_5
2025-07-19 13:25:55.335097,26.408687228258156,83.98036453675824,37.783490035427036,109.3613967090941,service_road,service_road_traj_5
2025-07-19 13:26:06.343887,26.408723118321625,83.98074901020797,20.08408844331984,109.3613750749526,service_road,service_road_traj_5
2025-07-19 13:27:14.925701,26.408612076542447,83.98116909892707,36.916687124469064,73.36674435100537,service_road,service_road_traj_5
2025-07-19 13:26:32.541131,26.408432533660527,83.98175115951679,37.321595909706545,21.93507649492352,service_road,service_road_traj_5
2025-07-19 13:25:55.443808,26.409091642812896,83.9817590139373,34.63305211380295,25.435390861699886,service_road,service_road_traj_5
2025-07-19 13:27:21.454962,26.4095439783024,83.98199896992766,21.6521057110716,19.52116737271308,service_road,service_road_traj_5
2025-07-19 13:26:48.440414,26.40995870337011,83.98214736261964,24.751947694346704,19.521099903465142,service_road,service_road_traj_5
2025-07-19 13:27:34.051948,26.41021198426457,83.98242408351331,26.919313553842343,16.309397312553813,service_road,service_road_traj_5
2025-07-19 13:25:55.741241,26.41058628518467,83.98247509956032,31.084206737666545,16.11692541090622,service_road,service_road_traj_5
2025-07-19 13:26:23.026154,26.41123086190368,83.98273788842252,22.358572587548103,16.116866932346056,service_road,service_road_traj_5
2025-07-19 13:26:48.039929,26.411561299638553,83.98270345589141,24.121325673767426,15.528947396622357,service_road,service_road_traj_5
2025-07-19 13:27:18.268199,26.41186810758814,83.98302352218124,22.98749532185164,20.657111648129614,service_road,service_road_traj_5
2025-07-19 13:26:43.994747,26.412465688760353,83.98308344851745,28.791754234506204,107.50394347727217,service_road,service_road_traj_5
2025-07-19 13:26:31.190387,26.412360282448898,83.98339141699259,26.57172361730015,26.437423602034187,service_road,service_road_traj_5
2025-07-19 13:27:23.176464,26.412863271714265,83.98359051681327,26.64083445079747,24.982621954177148,service_road,service_road_traj_5
2025-07-19 13:27:05.740584,26.41296545458875,83.98412925019561,34.80862907287847,20.766636943565686,service_road,service_road_traj_5
2025-07-19 13:28:20.188837,26.4133904307876,83.98433542034496,26.186056220994256,17.739728643162266,service_road,service_road_traj_5
2025-07-19 13:26:18.161306,26.41376712331703,83.98406419674751,29.92532521833845,17.739665668808584,service_road,service_road_traj_5
2025-07-19 13:27:07.616636,26.41423276823691,83.98442485158328,35.84842062738316,34.07555437746686,service_road,service_road_traj_5
2025-07-19 13:26:46.863058,26.41474279177366,83.98465726431236,28.31290564328758,21.409933305626282,service_road,service_road_traj_5
2025-07-19 13:26:38.134524,26.415274314855008,83.984919204,27.985728408933394,21.409861561454136,service_road,service_road_traj_5
2025-07-19 13:27:12.430456,26.41546523802664,83.9850207039743,24.732002866516073,74.37121400988207,service_road,service_road_traj_5
2025-07-19 13:27:28.152380,26.41551733966869,83.9856369782794,34.64814098376024,110.04718298603103,service_road,service_road_traj_5
2025-07-19 13:28:08.489712,26.415368395367267,83.9858593195337,39.97622389915625,110.04715993450787,service_road,service_road_traj_5
2025-07-19 13:28:08.589138,26.415429371598623,83.98637150751482,26.32444605135925,110.0471368823379,service_road,service_road_traj_5
2025-07-19 13:26:32.082069,26.415215481692304,83.98665343179279,39.91881426609133,110.0471138307426,service_road,service_road_traj_5
2025-07-19 13:27:31.133281,26.415274959402428,83.98722479591329,37.094286217615306,110.04709077931494,service_road,service_road_traj_5
2025-07-19 13:26:35.525821,26.41485317648333,83.98757224226033,20.15850452993313,110.0470677280548,service_road,service_road_traj_5
2025-07-19 13:26:32.811703,26.414798515973132,83.98822305388063,36.69525931894563,94.73321125163204,service_road,service_road_traj_5
2025-07-19 13:26:38.035705,26.414752180389947,83.98867436292022,37.064503460577185,19.657044638989134,service_road,service_road_traj_5
2025-07-19 13:27:00.210086,26.414998673369368,83.98846522896919,29.262343827611062,17.523449936595398,service_road,service_road_traj_5
2025-07-19 13:26:36.207724,26.415804819140792,83.9889071514523,38.505803344064425,18.822189936331995,service_road,service_road_traj_5
2025-07-19 13:26:53.968084,26.416131461046945,83.98897077806946,26.01928637749902,76.30015657698232,service_road,service_road_traj_5
2025-07-19 13:28:34.273763,26.415949786281395,83.98938120390491,34.14854434320832,110.7596101762773,service_road,service_road_traj_5
2025-07-19 13:27:48.176139,26.41616057346854,83.98986364953137,23.14992313605935,109.22800175204077,service_road,service_road_traj_5
2025-07-19 13:26:51.751435,26.415687329279923,83.99014191903454,25.30129757582308,117.64580931321132,service_road,service_road_traj_5
2025-07-19 13:30:01.244654,26.415723577866945,83.99069410634894,21.057688094016374,126.23822928546178,service_road,service_road_traj_5
2025-07-19 13:27:16.668508,26.41558480315649,83.99110309112768,23.830229322953265,112.04764910977588,service_road,service_road_traj_5
2025-07-19 13:29:30.311933,26.41516938487717,83.99139134060941,31.958286962288568,112.04762177150428,service_road,service_road_traj_5
2025-07-19 13:28:21.643422,26.41495584358643,83.99168647725304,22.38963110867634,112.11398033218626,service_road,service_road_traj_5
2025-07-19 13:29:38.342982,26.415011098052982,83.99245870989232,27.602343979064045,112.35338465357415,service_road,service_road_traj_5
2025-07-19 13:29:03.568690,26.414973850130234,83.9928724745659,25.69902499641254,112.35335664141826,service_road,service_road_traj_5
2025-07-19 13:29:15.856009,26.414744968853434,83.99328353245926,24.55014466199235,112.35332862988662,service_road,service_road_traj_5
2025-07-19 13:27:50.375568,26.414410191179055,83.99361271382574,23.72732071534567,183.78498599031067,service_road,service_road_traj_5
2025-07-19 13:29:39.532753,26.413844487548932,83.99331482784169,32.772816300503024,168.0331660256503,service_road,service_road_traj_5
2025-07-19 13:27:39.941335,26.413792353879103,83.99361571043521,31.6464799860609,106.22470243058206,service_road,service_road_traj_5
2025-07-19 13:29:07.876517,26.41340242659094,83.99397227546481,26.53573792388232,99.49783952898593,service_road,service_road_traj_5
2025-07-19 13:27:10.940469,26.413286706547005,83.99453690559282,36.836831732468426,99.38309942414139,service_road,service_road_traj_5
2025-07-19 13:28:21.456899,26.413347807957436,83.99503275886215,25.799563877863115,105.2448833943738,service_road,service_road_traj_5
2025-07-19 13:27:07.879230,26.413459721803665,83.99556344742038,29.788631230036277,109.4685533160798,service_road,service_road_traj_5
2025-07-19 13:27:28.487030,26.413011127089497,83.99609131424454,34.5932325369416,106.79596969323944,service_road,service_road_traj_5
2025-07-19 13:29:17.236415,26.412841526786117,83.99638769429357,21.40921591145969,94.9967019772447,service_road,service_road_traj_5
2025-07-19 13:29:39.757634,26.412818570916315,83.99658520664892,35.340505383041204,94.99670041557471,service_road,service_road_traj_5
2025-07-19 13:28:55.426348,26.412939874283705,83.99743770660208,26.88576108743417,94.99669885550134,service_road,service_road_traj_5
2025-07-19 13:28:47.306494,26.412900161095035,83.99758043940909,24.14565024414243,94.99669729486322,service_road,service_road_traj_5
2025-07-19 13:28:39.765032,26.412984168714978,83.99827822221873,26.150036330685236,95.00557412706303,service_road,service_road_traj_5
2025-07-19 13:29:55.820083,26.412744324559643,83.99875484781836,20.684023462163555,99.95368139445247,service_road,service_road_traj_5
2025-07-19 13:29:10.590263,26.412767778568234,83.999242217625,33.84067337548075,99.953675303495,service_road,service_road_traj_5
2025-07-19 13:28:30.922757,26.412712186296826,83.99966857568351,24.15400698710522,32.739579987292814,service_road,service_road_traj_5
2025-07-19 13:28:04.327060,26.413115252253835,83.99971466440405,21.065402239748018,15.066218453298916,service_road,service_road_traj_5
2025-07-19 13:28:23.612602,26.413633969284227,83.99995607167841,39.10021942923627,31.931624405168463,service_road,service_road_traj_5
2025-07-19 13:30:25.086969,26.41387930628791,84.00020194976953,24.304071435156317,14.833264031078329,service_road,service_road_traj_5
2025-07-19 13:28:26.636586,26.414158943172733,84.00026994816254,24.78473196058486,14.833209342444434,service_road,service_road_traj_5
2025-07-19 13:32:12.612067,26.414634297851496,84.00062879024644,30.783117186348758,14.833154655067915,service_road,service_road_traj_5
2025-07-19 13:30:38.408564,26.414980810659213,84.00071245849048,20.142694070594217,14.833099967732437,service_road,service_road_traj_5
2025-07-19 13:29:35.680777,26.415572239606483,84.00080236628716,24.931200900758437,14.979643665186245,service_road,service_road_traj_5
2025-07-19 13:27:53.317438,26.41600989485833,84.00073013322289,27.382507368672155,14.979643665186245,service_road,service_road_traj_5
